transaction_id,account_id,amount,merchant_category,hour_of_day,is_fraud
6ea7eaaa,ACC-1017,3183.91,Crypto,3,1
6ec5c5ea,ACC-1011,3538.12,Crypto,4,1
e03888bd,ACC-1069,1648.03,Crypto,2,1
642dd961,ACC-1020,2381.25,Luxury_Retail,3,1
3256f41a,ACC-1097,3398.21,Luxury_Retail,3,1
813aea60,ACC-1044,2078.57,Crypto,4,1
f36e7468,ACC-1048,3053.6,Crypto,4,1
6deac6e0,ACC-1090,1137.62,Luxury_Retail,3,1
d8c555c1,ACC-1029,1103.88,Crypto,3,1
79c54bc8,ACC-1046,4012.67,Luxury_Retail,3,1
2d60cb10,ACC-1089,1443.69,Luxury_Retail,2,1
047622a6,ACC-1031,4268.79,Crypto,2,1
c1a375cc,ACC-1071,1446.42,Luxury_Retail,3,1
735d815e,ACC-1004,1651.6,Luxury_Retail,1,1
b8cfb45a,ACC-1072,3788.42,Luxury_Retail,3,1
a10c077d,ACC-1050,4048.74,Luxury_Retail,2,1
2b7c4d1b,ACC-1031,4079.09,Luxury_Retail,2,1
dac68b4c,ACC-1046,3569.21,Luxury_Retail,4,1
a5cc9c95,ACC-1006,1650.52,Crypto,4,1
2693f656,ACC-1076,3993.03,Crypto,2,1
be4ec009,ACC-1070,1081.88,Luxury_Retail,4,1
bbbf2efd,ACC-1068,3991.85,Crypto,1,1
6a3c7c12,ACC-1020,3590.7,Luxury_Retail,1,1
9a6907b8,ACC-1013,2506.09,Luxury_Retail,2,1
6995f2f1,ACC-1097,4027.39,Luxury_Retail,2,1
1854b5aa,ACC-1014,1439.65,Crypto,3,1
effecf7b,ACC-1072,4241.21,Luxury_Retail,2,1
96a86791,ACC-1068,4306.37,Crypto,4,1
b87a3937,ACC-1033,3645.3,Crypto,4,1
5f41c8dd,ACC-1093,2776.01,Luxury_Retail,2,1
3d8f4523,ACC-1047,3368.02,Luxury_Retail,4,1
1f420725,ACC-1008,2449.07,Luxury_Retail,1,1
1ba43991,ACC-1090,2084.01,Crypto,2,1
cda5f85c,ACC-1042,3153.53,Crypto,1,1
3c39f7e8,ACC-1027,1108.63,Crypto,3,1
b129b3f4,ACC-1052,2818.2,Luxury_Retail,2,1
f24d9bc4,ACC-1052,1545.0,Crypto,4,1
12e966ec,ACC-1093,2554.64,Crypto,1,1
67b49d1a,ACC-1068,2088.45,Crypto,2,1
3b89d9c5,ACC-1031,2487.44,Luxury_Retail,2,1
8f453eb7,ACC-1006,4041.87,Crypto,4,1
99d6bbcb,ACC-1052,3230.33,Crypto,1,1
6ef449e3,ACC-1048,2622.59,Crypto,4,1
84e83748,ACC-1054,857.87,Luxury_Retail,3,1
20cfb44b,ACC-1027,3392.56,Luxury_Retail,2,1
b082b1d6,ACC-1074,4385.79,Crypto,3,1
b6e95a2e,ACC-1023,2590.28,Crypto,1,1
f1d914f0,ACC-1072,1100.1,Crypto,2,1
5f4b8534,ACC-1074,1748.69,Crypto,1,1
fe3fcf5b,ACC-1091,2913.08,Luxury_Retail,3,1
89834ef8,ACC-1082,1996.77,Luxury_Retail,4,1
e2b9340a,ACC-1079,1944.99,Luxury_Retail,1,1
587433a3,ACC-1064,4494.36,Crypto,1,1
7cb44409,ACC-1036,1817.98,Luxury_Retail,1,1
20a857ca,ACC-1070,1425.78,Luxury_Retail,1,1
d35c24dd,ACC-1013,1942.73,Crypto,2,1
409aba08,ACC-1026,3559.82,Crypto,3,1
1abf9c4a,ACC-1032,3469.28,Crypto,3,1
c361d879,ACC-1035,4154.48,Crypto,1,1
efb16225,ACC-1020,1010.92,Luxury_Retail,2,1
a316c401,ACC-1088,3555.49,Luxury_Retail,1,1
7ad77fdd,ACC-1018,4149.34,Crypto,3,1
351239ef,ACC-1005,2418.72,Crypto,3,1
c94d7120,ACC-1045,4131.07,Crypto,2,1
f0b8ede7,ACC-1020,3697.42,Luxury_Retail,2,1
b1ab9db0,ACC-1094,4413.15,Crypto,4,1
d73f454d,ACC-1100,4224.38,Luxury_Retail,2,1
729bb15b,ACC-1025,3409.67,Luxury_Retail,1,1
61c412ff,ACC-1029,3830.54,Luxury_Retail,3,1
477ad0f8,ACC-1008,1663.67,Crypto,4,1
e0c3f23f,ACC-1051,4379.15,Luxury_Retail,3,1
696f7518,ACC-1033,3330.24,Luxury_Retail,1,1
a04d633e,ACC-1055,1501.77,Luxury_Retail,1,1
bb868a69,ACC-1014,2111.76,Luxury_Retail,4,1
c05e7d32,ACC-1055,2255.96,Crypto,3,1
e05f1275,ACC-1085,856.17,Crypto,3,1
cb4e1b91,ACC-1039,4210.81,Luxury_Retail,1,1
34b9cff8,ACC-1070,3284.16,Luxury_Retail,4,1
36985a2a,ACC-1022,1314.6,Luxury_Retail,4,1
d15a5ba0,ACC-1000,3096.63,Luxury_Retail,4,1
3c8b7e39,ACC-1083,1959.14,Crypto,4,1
97f6ec2b,ACC-1065,2026.21,Luxury_Retail,4,1
f48d2122,ACC-1084,2577.13,Crypto,1,1
b6ad591a,ACC-1039,3160.23,Luxury_Retail,1,1
dc1520ef,ACC-1031,1669.94,Crypto,2,1
16e7885b,ACC-1080,4441.37,Crypto,4,1
9d20b4fb,ACC-1018,2951.2,Luxury_Retail,4,1
55ebff2b,ACC-1022,3244.61,Crypto,1,1
2ab0719f,ACC-1015,3785.0,Luxury_Retail,1,1
da6d01be,ACC-1092,2516.09,Luxury_Retail,3,1
af6637ab,ACC-1060,4105.87,Luxury_Retail,4,1
6635f583,ACC-1080,2492.75,Crypto,3,1
d9f8bce9,ACC-1034,1723.25,Luxury_Retail,1,1
fcaf1412,ACC-1049,2075.84,Crypto,2,1
52b54e28,ACC-1042,3382.92,Crypto,1,1
6bb2c799,ACC-1053,2830.53,Luxury_Retail,1,1
87ec7e39,ACC-1045,2271.59,Crypto,4,1
d21446e4,ACC-1094,1939.94,Luxury_Retail,4,1
74f8d7af,ACC-1055,2843.38,Crypto,4,1
0da73090,ACC-1051,2622.59,Luxury_Retail,3,1
366d2d7f,ACC-1003,3493.26,Luxury_Retail,2,1
2afd697b,ACC-1017,4160.29,Crypto,1,1
d477f361,ACC-1041,4014.01,Crypto,1,1
0d929108,ACC-1096,1622.56,Luxury_Retail,3,1
972eab94,ACC-1002,4321.9,Luxury_Retail,3,1
2a83f43d,ACC-1008,3583.94,Crypto,3,1
a6b18371,ACC-1002,3701.5,Crypto,1,1
04cb8432,ACC-1014,3117.88,Crypto,2,1
5bbc8e22,ACC-1098,2908.49,Crypto,4,1
ea886bb9,ACC-1074,2196.47,Crypto,2,1
1b82185b,ACC-1025,943.73,Luxury_Retail,4,1
abfe9333,ACC-1038,1127.39,Crypto,1,1
1132353f,ACC-1054,3953.57,Crypto,1,1
2ae23ebc,ACC-1053,3264.55,Crypto,3,1
c00f6168,ACC-1058,3851.51,Crypto,4,1
adbf2bb2,ACC-1034,3431.68,Luxury_Retail,2,1
9172fa75,ACC-1093,3098.08,Luxury_Retail,4,1
a2dad3a7,ACC-1057,3012.53,Luxury_Retail,2,1
b6b2bb8a,ACC-1063,1740.1,Luxury_Retail,4,1
55aa6494,ACC-1033,3955.98,Crypto,4,1
ad422097,ACC-1010,2092.24,Luxury_Retail,1,1
734f77b2,ACC-1030,1730.95,Luxury_Retail,4,1
56ca0e54,ACC-1037,3370.72,Luxury_Retail,4,1
9d09add1,ACC-1047,1658.83,Crypto,3,1
b04ac613,ACC-1045,2577.4,Luxury_Retail,4,1
037ddb81,ACC-1015,3415.42,Luxury_Retail,3,1
4f24a970,ACC-1088,3482.69,Luxury_Retail,1,1
fd26f3ce,ACC-1075,1525.8,Crypto,4,1
25d10d2c,ACC-1029,4414.62,Luxury_Retail,1,1
9e9d55b9,ACC-1035,2167.22,Luxury_Retail,1,1
ee5f5ccf,ACC-1081,1016.13,Crypto,3,1
90e74a02,ACC-1036,4019.88,Luxury_Retail,1,1
876797fa,ACC-1032,2563.3,Luxury_Retail,3,1
494de37c,ACC-1062,4284.88,Luxury_Retail,1,1
ee5101a0,ACC-1072,1120.4,Crypto,2,1
15ee8e5d,ACC-1097,4314.31,Crypto,2,1
49cfdb58,ACC-1056,2369.04,Crypto,4,1
f664daaa,ACC-1007,1935.34,Luxury_Retail,3,1
dd8a722a,ACC-1033,3075.15,Crypto,2,1
2be2c34a,ACC-1009,3260.56,Crypto,2,1
343d847d,ACC-1060,1421.34,Luxury_Retail,4,1
12fd1c29,ACC-1058,1913.1,Crypto,3,1
36265fa7,ACC-1084,1109.81,Crypto,3,1
4c5f7bfc,ACC-1028,3784.26,Crypto,4,1
5ded32f9,ACC-1021,3213.87,Luxury_Retail,2,1
d96d4260,ACC-1088,3743.09,Luxury_Retail,4,1
389682e9,ACC-1063,1959.93,Luxury_Retail,3,1
49b4e119,ACC-1032,2447.82,Crypto,4,1
1a0c971d,ACC-1034,944.41,Crypto,1,1
806b4982,ACC-1056,2953.3,Crypto,4,1
fc0146b8,ACC-1062,4193.67,Crypto,4,1
e3bf90e5,ACC-1041,4387.05,Luxury_Retail,3,1
225c45ba,ACC-1063,3295.99,Crypto,3,1
3ea8f5fe,ACC-1040,1901.99,Luxury_Retail,1,1
a5095862,ACC-1000,1771.26,Crypto,4,1
b2300bef,ACC-1066,3250.46,Luxury_Retail,4,1
0549bb5a,ACC-1034,2170.49,Luxury_Retail,4,1
adbda277,ACC-1015,2854.65,Luxury_Retail,4,1
8a7344f2,ACC-1001,955.37,Crypto,2,1
01545a68,ACC-1015,2865.72,Crypto,2,1
15d8d175,ACC-1090,3214.14,Crypto,4,1
e7a18e9f,ACC-1070,1848.0,Luxury_Retail,4,1
82799806,ACC-1098,1377.94,Crypto,2,1
974c746c,ACC-1000,3733.52,Luxury_Retail,3,1
c04a3231,ACC-1068,1882.36,Luxury_Retail,4,1
8a09f7a0,ACC-1041,2617.85,Luxury_Retail,4,1
2da22b69,ACC-1099,4024.05,Crypto,4,1
52a16984,ACC-1084,2349.33,Luxury_Retail,4,1
f8942476,ACC-1064,3742.24,Crypto,4,1
b1d8974f,ACC-1067,4373.54,Luxury_Retail,1,1
00fdd13a,ACC-1083,4173.11,Crypto,2,1
03bba5ff,ACC-1079,4390.34,Crypto,4,1
fef54615,ACC-1068,3378.37,Crypto,3,1
b7f6cebb,ACC-1079,2237.03,Luxury_Retail,4,1
986638a8,ACC-1012,1099.74,Luxury_Retail,2,1
7757c3fa,ACC-1038,3625.35,Crypto,4,1
eba25ce4,ACC-1045,4147.5,Crypto,3,1
98975295,ACC-1072,2218.17,Crypto,2,1
f14f7c66,ACC-1078,3338.57,Crypto,2,1
a1acd75d,ACC-1029,4028.56,Crypto,4,1
df266486,ACC-1001,2533.2,Luxury_Retail,4,1
b193bc2d,ACC-1020,4131.02,Luxury_Retail,3,1
d5fdff7b,ACC-1088,1119.6,Luxury_Retail,3,1
53a9c271,ACC-1061,1762.86,Luxury_Retail,2,1
0c468326,ACC-1089,1239.28,Luxury_Retail,3,1
4d8ae92a,ACC-1087,1927.59,Luxury_Retail,3,1
076c37ed,ACC-1029,3690.84,Crypto,4,1
c6c2b173,ACC-1079,3065.79,Luxury_Retail,2,1
ff91aa22,ACC-1005,1764.79,Crypto,1,1
28fc9d03,ACC-1093,1977.61,Luxury_Retail,1,1
8a3d10c9,ACC-1025,1329.65,Luxury_Retail,3,1
ae3afd28,ACC-1061,1332.38,Luxury_Retail,3,1
6d9d51ed,ACC-1009,4380.95,Luxury_Retail,3,1
85a39b98,ACC-1011,1363.76,Crypto,4,1
396cb0bb,ACC-1058,3735.99,Crypto,3,1
4b48be22,ACC-1013,2195.34,Luxury_Retail,4,1
a30825c5,ACC-1071,3313.15,Luxury_Retail,1,1
ca205cc4,ACC-1059,2047.22,Crypto,1,1
b2e32059,ACC-1005,4169.26,Luxury_Retail,4,1
862877ef,ACC-1030,4303.85,Luxury_Retail,4,1
7a7f8d81,ACC-1047,99.67,Travel,9,0
4b8aa11d,ACC-1095,36.17,Crypto,22,0
83270663,ACC-1012,114.77,Crypto,9,0
095c571a,ACC-1035,202.3,Luxury_Retail,20,0
500df8c1,ACC-1056,26.58,Retail,16,0
5fce63c2,ACC-1047,26.59,Gas_Station,16,0
fcaf695d,ACC-1035,207.92,Travel,16,0
c9972385,ACC-1084,126.74,Gas_Station,8,0
ca55c44f,ACC-1042,3.05,Gas_Station,5,0
45929557,ACC-1008,104.26,Gas_Station,9,0
39d3ffbf,ACC-1027,3.66,Luxury_Retail,22,0
64f6cb79,ACC-1018,3.43,Luxury_Retail,12,0
09526bad,ACC-1018,74.2,Luxury_Retail,5,0
012ca484,ACC-1022,141.33,Gas_Station,22,0
e9332eaf,ACC-1045,122.49,Retail,5,0
6b02fb21,ACC-1002,6.23,Luxury_Retail,12,0
183084de,ACC-1094,51.28,Gas_Station,13,0
9af12bd7,ACC-1008,81.42,Online_Marketplace,21,0
7cc80478,ACC-1075,40.8,Online_Marketplace,19,0
23404cdc,ACC-1078,91.23,Retail,19,0
9cc40237,ACC-1082,196.56,Retail,21,0
be7ce7da,ACC-1051,27.42,Retail,6,0
5c5cafcb,ACC-1056,56.75,Online_Marketplace,8,0
0218faee,ACC-1018,92.47,Retail,7,0
3aa0840f,ACC-1081,4.44,Retail,9,0
bdbb0f4d,ACC-1076,61.09,Travel,22,0
8dbd5339,ACC-1077,65.1,Travel,14,0
7b545def,ACC-1083,87.57,Online_Marketplace,8,0
28929910,ACC-1057,10.06,Crypto,22,0
434227c6,ACC-1058,20.83,Gas_Station,18,0
b7ee6ee3,ACC-1054,10.17,Online_Marketplace,18,0
f820f588,ACC-1087,235.23,Groceries,13,0
263ca202,ACC-1010,48.65,Online_Marketplace,7,0
b318d7d8,ACC-1094,55.77,Retail,18,0
87280da8,ACC-1075,132.25,Groceries,9,0
a0826682,ACC-1015,72.08,Travel,22,0
2fa539fb,ACC-1054,70.89,Online_Marketplace,16,0
1c103c47,ACC-1039,145.97,Luxury_Retail,6,0
983eb351,ACC-1027,82.82,Groceries,8,0
455657aa,ACC-1013,69.69,Gas_Station,20,0
1d8d8333,ACC-1097,123.85,Groceries,22,0
dc0440aa,ACC-1054,67.14,Groceries,23,0
07ccffb0,ACC-1086,38.44,Luxury_Retail,22,0
0e908fd2,ACC-1084,19.89,Crypto,22,0
1e310129,ACC-1034,97.85,Luxury_Retail,13,0
af808904,ACC-1000,21.98,Crypto,14,0
b3bf3482,ACC-1051,3.94,Gas_Station,9,0
de343c5e,ACC-1011,155.71,Retail,9,0
6dc586d5,ACC-1053,84.36,Crypto,21,0
795d0ba5,ACC-1039,126.3,Online_Marketplace,15,0
495f9312,ACC-1010,82.41,Crypto,15,0
66146c84,ACC-1079,11.49,Retail,9,0
cf01c9dd,ACC-1084,17.69,Retail,7,0
8d89cffa,ACC-1053,111.17,Online_Marketplace,20,0
abe89f43,ACC-1044,153.1,Groceries,11,0
66805369,ACC-1086,143.13,Online_Marketplace,8,0
3398a434,ACC-1039,33.92,Travel,20,0
214cd19b,ACC-1007,19.08,Retail,12,0
18e18063,ACC-1098,83.13,Retail,11,0
70a25342,ACC-1015,147.55,Gas_Station,13,0
eb789ac4,ACC-1016,2.08,Retail,20,0
af514776,ACC-1064,31.43,Online_Marketplace,22,0
817b50d7,ACC-1094,60.63,Travel,16,0
77a415a4,ACC-1009,69.62,Retail,18,0
5177d817,ACC-1073,131.25,Luxury_Retail,15,0
dd758b6d,ACC-1051,185.62,Online_Marketplace,18,0
6c674883,ACC-1079,42.8,Retail,15,0
1b112c6c,ACC-1013,150.35,Online_Marketplace,16,0
ebd37329,ACC-1067,86.16,Gas_Station,18,0
1774e7c3,ACC-1043,14.51,Retail,17,0
4658957d,ACC-1065,86.14,Gas_Station,15,0
06907e6c,ACC-1024,203.8,Crypto,8,0
c229ca49,ACC-1082,46.42,Luxury_Retail,16,0
8da964cc,ACC-1018,206.46,Luxury_Retail,9,0
2255d059,ACC-1019,211.97,Groceries,11,0
482035bb,ACC-1080,132.19,Luxury_Retail,7,0
d865b3d7,ACC-1074,58.7,Online_Marketplace,19,0
70145b8b,ACC-1079,20.1,Online_Marketplace,23,0
099356d9,ACC-1008,59.18,Groceries,15,0
a158ca0e,ACC-1035,148.76,Online_Marketplace,19,0
3ffb39ea,ACC-1009,28.03,Travel,6,0
4e25b88b,ACC-1007,85.71,Groceries,19,0
0b126884,ACC-1011,197.79,Groceries,14,0
9f895747,ACC-1074,1.83,Travel,21,0
eabe4cc9,ACC-1073,30.85,Travel,6,0
4206a377,ACC-1060,0.18,Crypto,11,0
da9d3584,ACC-1013,141.54,Travel,9,0
b6a149f0,ACC-1082,82.88,Luxury_Retail,15,0
645d5f87,ACC-1056,2.98,Gas_Station,6,0
7d22c1c2,ACC-1020,101.33,Online_Marketplace,21,0
7ba909fe,ACC-1052,59.71,Groceries,16,0
fe2d98ce,ACC-1006,146.86,Luxury_Retail,15,0
d3883d80,ACC-1012,20.21,Luxury_Retail,15,0
c9caceef,ACC-1092,17.23,Travel,17,0
1079e50d,ACC-1074,10.79,Luxury_Retail,9,0
e3f1d5da,ACC-1083,96.35,Crypto,9,0
5c48eaaa,ACC-1090,79.61,Crypto,17,0
ca45c6ea,ACC-1082,76.11,Retail,14,0
ad60f26d,ACC-1089,50.51,Luxury_Retail,15,0
8e49cb89,ACC-1085,26.54,Luxury_Retail,21,0
807f65ff,ACC-1046,91.54,Online_Marketplace,21,0
76879657,ACC-1098,7.94,Groceries,10,0
2f89b8cf,ACC-1019,15.73,Online_Marketplace,11,0
e19d44d4,ACC-1098,30.23,Retail,14,0
a10f3738,ACC-1043,33.87,Travel,21,0
7306e52f,ACC-1019,90.41,Luxury_Retail,9,0
8e1f2720,ACC-1079,238.62,Gas_Station,10,0
bd5664d1,ACC-1052,67.46,Luxury_Retail,10,0
4db604e4,ACC-1036,75.76,Groceries,12,0
168009e3,ACC-1030,42.56,Luxury_Retail,19,0
e8994ada,ACC-1086,141.88,Groceries,20,0
e1f1d17e,ACC-1036,47.35,Travel,19,0
7c620b98,ACC-1053,56.02,Luxury_Retail,17,0
57dcfca3,ACC-1032,296.32,Gas_Station,11,0
11701ade,ACC-1013,30.76,Retail,20,0
dd4805c3,ACC-1010,80.15,Crypto,21,0
e6593fff,ACC-1065,46.53,Luxury_Retail,10,0
8199dcca,ACC-1028,66.87,Gas_Station,18,0
68917431,ACC-1003,164.28,Luxury_Retail,19,0
23c81434,ACC-1047,125.19,Online_Marketplace,6,0
89d553f4,ACC-1028,129.1,Gas_Station,17,0
1ad43b26,ACC-1091,40.94,Retail,15,0
087a69b0,ACC-1004,190.28,Crypto,15,0
6bcfa768,ACC-1017,90.19,Groceries,20,0
9fb45a54,ACC-1000,108.69,Luxury_Retail,20,0
ade5116e,ACC-1019,269.05,Retail,5,0
f7771cde,ACC-1099,49.05,Travel,21,0
9aece5b4,ACC-1006,6.63,Groceries,12,0
30bb1f50,ACC-1079,59.97,Gas_Station,18,0
a1b7067b,ACC-1063,0.35,Online_Marketplace,7,0
2c1d5649,ACC-1065,105.07,Travel,22,0
3c6de72b,ACC-1054,56.86,Travel,12,0
9817e607,ACC-1053,56.23,Retail,16,0
0713597b,ACC-1008,97.36,Gas_Station,7,0
6ab024bf,ACC-1064,41.94,Travel,22,0
cb88a5a4,ACC-1060,204.99,Travel,5,0
035469fb,ACC-1095,28.33,Retail,17,0
60001476,ACC-1030,17.79,Retail,16,0
872e4fda,ACC-1096,131.35,Crypto,8,0
1d483948,ACC-1069,73.09,Groceries,9,0
0f66e15c,ACC-1089,72.75,Groceries,10,0
cb0a87c4,ACC-1091,180.71,Online_Marketplace,10,0
25f1886c,ACC-1025,110.75,Luxury_Retail,19,0
8aa28b7c,ACC-1039,68.46,Retail,11,0
2a8be601,ACC-1032,75.99,Travel,17,0
0a7aaa87,ACC-1099,128.18,Retail,11,0
f3d7b2ef,ACC-1047,73.7,Retail,15,0
8198bbd0,ACC-1049,82.05,Online_Marketplace,17,0
c4603e04,ACC-1063,102.19,Groceries,10,0
1cad1cd4,ACC-1010,79.7,Groceries,21,0
1fcca315,ACC-1077,75.05,Crypto,18,0
bcd70143,ACC-1041,84.64,Luxury_Retail,10,0
53efbdeb,ACC-1037,18.0,Retail,7,0
c27613ae,ACC-1054,73.23,Groceries,19,0
cdc15aed,ACC-1005,79.31,Gas_Station,19,0
544c2d85,ACC-1035,21.44,Crypto,16,0
eef47166,ACC-1081,236.58,Crypto,6,0
4a6c3794,ACC-1095,97.38,Online_Marketplace,16,0
ef1594aa,ACC-1077,69.13,Crypto,10,0
ef616bb4,ACC-1008,115.66,Crypto,19,0
9760d628,ACC-1072,47.47,Gas_Station,16,0
ac373b36,ACC-1047,128.71,Retail,9,0
93bea271,ACC-1017,165.86,Groceries,19,0
9c56609d,ACC-1083,32.07,Travel,16,0
826cae53,ACC-1094,146.34,Groceries,12,0
b3ad5443,ACC-1071,91.28,Gas_Station,20,0
487fbf1d,ACC-1057,132.21,Retail,13,0
03774b21,ACC-1062,239.68,Gas_Station,14,0
d0d3cc81,ACC-1009,25.46,Gas_Station,8,0
101a619e,ACC-1087,25.37,Online_Marketplace,10,0
1e2c2639,ACC-1090,38.95,Luxury_Retail,15,0
7bacc372,ACC-1038,31.58,Retail,22,0
f17625ed,ACC-1022,42.29,Luxury_Retail,10,0
8c1e40ca,ACC-1015,84.12,Luxury_Retail,16,0
906abf66,ACC-1063,77.67,Gas_Station,9,0
ab41374e,ACC-1047,132.72,Retail,16,0
48554e63,ACC-1011,51.3,Online_Marketplace,22,0
d4c8a73c,ACC-1092,195.35,Retail,14,0
13a5dd61,ACC-1052,23.53,Online_Marketplace,21,0
96880a53,ACC-1040,322.02,Luxury_Retail,23,0
d64851bd,ACC-1087,112.57,Crypto,7,0
6ecd9101,ACC-1099,35.72,Travel,16,0
b988fe56,ACC-1016,57.09,Travel,23,0
baa69082,ACC-1015,98.25,Online_Marketplace,21,0
ea581b93,ACC-1020,27.65,Travel,9,0
f7bd95ab,ACC-1036,121.4,Groceries,12,0
36a3a345,ACC-1081,97.32,Luxury_Retail,7,0
3626871b,ACC-1038,42.72,Travel,13,0
e62a5535,ACC-1082,34.68,Travel,22,0
a64a6a09,ACC-1021,101.48,Gas_Station,23,0
472289de,ACC-1003,5.35,Crypto,15,0
8825238b,ACC-1073,135.64,Retail,6,0
9d636a69,ACC-1079,71.41,Groceries,11,0
dc80897a,ACC-1080,74.57,Crypto,5,0
b916f2e8,ACC-1061,67.32,Travel,14,0
7067e084,ACC-1009,88.53,Gas_Station,17,0
97d9756a,ACC-1053,38.39,Crypto,6,0
ee3c33b7,ACC-1077,65.37,Online_Marketplace,19,0
99fd1857,ACC-1044,55.82,Gas_Station,15,0
413a3f7d,ACC-1071,64.3,Online_Marketplace,9,0
b3cf817b,ACC-1015,85.78,Retail,15,0
bf36c95d,ACC-1012,106.08,Groceries,19,0
745584d6,ACC-1078,158.31,Retail,14,0
de8fe2db,ACC-1041,155.38,Online_Marketplace,12,0
d7c105ae,ACC-1020,87.77,Travel,15,0
28c874ed,ACC-1039,43.78,Online_Marketplace,21,0
c6cb744c,ACC-1064,101.5,Online_Marketplace,5,0
b9928f45,ACC-1045,101.38,Online_Marketplace,12,0
eb57a272,ACC-1076,101.5,Retail,6,0
712d8aee,ACC-1001,435.27,Luxury_Retail,20,0
2695c6e9,ACC-1033,107.09,Luxury_Retail,8,0
255dcca7,ACC-1005,163.56,Crypto,16,0
86cd2ff5,ACC-1024,145.4,Online_Marketplace,6,0
c04f2cc7,ACC-1049,115.14,Groceries,22,0
ed1f540d,ACC-1079,18.47,Travel,19,0
20403347,ACC-1050,125.9,Crypto,8,0
f469144c,ACC-1096,27.28,Groceries,15,0
380deb64,ACC-1051,26.32,Gas_Station,11,0
1f4dc642,ACC-1017,1.46,Travel,6,0
c493a829,ACC-1058,58.19,Crypto,15,0
c6d79ec0,ACC-1078,281.47,Gas_Station,21,0
b28986c0,ACC-1094,136.73,Groceries,10,0
106cabba,ACC-1064,118.63,Luxury_Retail,14,0
bbb6c368,ACC-1090,111.27,Luxury_Retail,21,0
b68682cf,ACC-1002,2.81,Travel,14,0
9a95644e,ACC-1053,158.9,Groceries,15,0
e4bfb41a,ACC-1003,56.43,Travel,14,0
7cc87358,ACC-1100,57.77,Travel,20,0
63ada365,ACC-1092,21.53,Luxury_Retail,23,0
2a95fdc0,ACC-1067,117.96,Retail,23,0
d350fa5a,ACC-1087,23.04,Crypto,17,0
755c6098,ACC-1014,71.65,Gas_Station,6,0
e1ef85ed,ACC-1053,54.56,Gas_Station,5,0
8f7b8740,ACC-1052,15.16,Gas_Station,18,0
7326cd86,ACC-1017,264.39,Travel,20,0
c0e0366f,ACC-1084,113.39,Travel,11,0
0344b722,ACC-1022,152.51,Online_Marketplace,21,0
ed44388e,ACC-1045,68.65,Online_Marketplace,22,0
3f58bc2a,ACC-1024,16.18,Crypto,13,0
4e11f40d,ACC-1028,135.24,Gas_Station,13,0
7fbc62c7,ACC-1090,29.25,Groceries,14,0
77e71c11,ACC-1071,38.53,Online_Marketplace,15,0
ea91887e,ACC-1073,100.5,Luxury_Retail,13,0
b72732f2,ACC-1050,136.58,Crypto,22,0
0547adb5,ACC-1005,70.03,Luxury_Retail,16,0
fd621ece,ACC-1056,16.55,Groceries,7,0
4a0be4e3,ACC-1025,2.51,Crypto,13,0
dcc7ba8a,ACC-1071,15.33,Luxury_Retail,22,0
2a42a4e3,ACC-1078,226.55,Crypto,13,0
8722dbf8,ACC-1006,90.5,Crypto,23,0
f796cb47,ACC-1029,76.09,Crypto,21,0
c2f85fb2,ACC-1091,141.79,Retail,8,0
cf8b0f38,ACC-1017,262.22,Online_Marketplace,8,0
71fb3480,ACC-1083,153.25,Retail,22,0
6f2d7559,ACC-1096,101.94,Online_Marketplace,20,0
e77eae7c,ACC-1007,1.58,Groceries,15,0
92bfb8ee,ACC-1029,176.69,Luxury_Retail,7,0
92b91b6b,ACC-1022,20.77,Travel,6,0
302821ce,ACC-1095,94.38,Retail,17,0
f38c7b22,ACC-1038,127.46,Luxury_Retail,14,0
48d7afe5,ACC-1058,42.69,Travel,8,0
f07b7c84,ACC-1017,44.05,Crypto,22,0
ff6dc84a,ACC-1024,274.13,Luxury_Retail,21,0
4edfc13d,ACC-1093,52.44,Luxury_Retail,8,0
084da073,ACC-1094,24.74,Online_Marketplace,13,0
342a1db1,ACC-1096,74.78,Groceries,14,0
43d6bc86,ACC-1081,213.24,Gas_Station,10,0
b98ea5a4,ACC-1011,93.01,Online_Marketplace,18,0
0db3d2a5,ACC-1061,6.0,Online_Marketplace,8,0
39d00361,ACC-1049,63.07,Groceries,12,0
6eae1ed9,ACC-1038,194.13,Gas_Station,19,0
39f2cc94,ACC-1083,93.59,Travel,23,0
9ad5644a,ACC-1015,166.32,Groceries,12,0
7942aa51,ACC-1087,51.02,Online_Marketplace,14,0
065c2f16,ACC-1081,48.15,Travel,14,0
45182ac0,ACC-1028,96.21,Groceries,16,0
7e3d77a8,ACC-1095,69.91,Gas_Station,20,0
65c08ae0,ACC-1070,10.02,Travel,16,0
42ae9e17,ACC-1027,56.98,Online_Marketplace,22,0
22ce26df,ACC-1076,11.47,Luxury_Retail,12,0
ca047c45,ACC-1067,61.35,Luxury_Retail,7,0
0c1d4912,ACC-1072,116.21,Crypto,16,0
a70c1429,ACC-1064,208.6,Retail,6,0
78054fcd,ACC-1021,73.78,Gas_Station,23,0
c864459d,ACC-1087,263.3,Groceries,21,0
ba691aa4,ACC-1065,145.21,Gas_Station,23,0
658bb3ad,ACC-1065,34.82,Online_Marketplace,6,0
1a8d81cc,ACC-1071,108.83,Online_Marketplace,19,0
049bbf3b,ACC-1032,78.1,Online_Marketplace,14,0
ed255714,ACC-1009,12.27,Luxury_Retail,5,0
ea273f9e,ACC-1008,29.19,Retail,18,0
63d6be65,ACC-1060,0.7,Travel,6,0
e7bbef15,ACC-1098,8.94,Retail,14,0
53804858,ACC-1048,134.96,Gas_Station,18,0
3c5a05da,ACC-1087,85.7,Online_Marketplace,17,0
6a1d8109,ACC-1044,19.29,Crypto,22,0
18330dd7,ACC-1067,139.96,Retail,10,0
39caf88d,ACC-1002,80.73,Gas_Station,12,0
3579286b,ACC-1069,131.29,Groceries,19,0
f6dee7d5,ACC-1029,112.96,Online_Marketplace,22,0
a3de1af8,ACC-1035,32.9,Gas_Station,19,0
e1912e4d,ACC-1084,6.02,Gas_Station,8,0
48e82244,ACC-1008,124.73,Online_Marketplace,5,0
ae19637c,ACC-1086,111.04,Retail,6,0
9a75c063,ACC-1005,47.91,Crypto,6,0
dd34d45f,ACC-1027,61.73,Online_Marketplace,19,0
85169c84,ACC-1037,177.77,Luxury_Retail,6,0
ce2eaa4d,ACC-1076,9.16,Gas_Station,23,0
f905cdb6,ACC-1018,104.71,Luxury_Retail,15,0
6e2203dc,ACC-1038,29.78,Crypto,21,0
86bb2db9,ACC-1094,28.23,Groceries,6,0
0f5097d8,ACC-1006,159.88,Gas_Station,18,0
b6a0ba5e,ACC-1089,132.54,Groceries,17,0
4c839a0a,ACC-1048,131.35,Online_Marketplace,18,0
20f5dd5f,ACC-1028,180.55,Gas_Station,22,0
11e95ea7,ACC-1007,52.1,Groceries,9,0
708ba287,ACC-1067,118.2,Travel,18,0
7ae2d9bd,ACC-1026,18.97,Gas_Station,17,0
160800cc,ACC-1047,82.42,Groceries,7,0
8b411072,ACC-1034,36.99,Retail,22,0
c695e977,ACC-1097,59.7,Online_Marketplace,6,0
9d03bfbe,ACC-1026,109.52,Travel,22,0
b9c9a03f,ACC-1001,31.82,Luxury_Retail,15,0
c48d35bf,ACC-1096,259.24,Gas_Station,11,0
d8b151a6,ACC-1090,50.6,Online_Marketplace,12,0
bd111476,ACC-1041,71.42,Gas_Station,17,0
832c2cca,ACC-1068,165.81,Luxury_Retail,14,0
140f2418,ACC-1046,129.17,Crypto,16,0
61415ccf,ACC-1092,112.41,Travel,20,0
9264c8de,ACC-1040,112.83,Online_Marketplace,15,0
029a2ddb,ACC-1028,48.78,Online_Marketplace,6,0
1b7e726b,ACC-1070,39.73,Crypto,9,0
10dbbae3,ACC-1019,57.58,Travel,23,0
ca1a47fd,ACC-1072,17.72,Gas_Station,15,0
5f80a9cb,ACC-1083,147.51,Luxury_Retail,12,0
e50537d2,ACC-1062,35.29,Crypto,15,0
d65950a9,ACC-1093,32.55,Crypto,20,0
aa50517c,ACC-1092,17.86,Luxury_Retail,16,0
806fe57f,ACC-1069,91.29,Travel,20,0
3d41d672,ACC-1009,6.37,Crypto,6,0
f695d52e,ACC-1017,32.22,Luxury_Retail,6,0
aead4ae6,ACC-1019,74.37,Luxury_Retail,12,0
7d81af1b,ACC-1047,74.5,Retail,11,0
b34557e1,ACC-1002,0.69,Retail,20,0
a56b335d,ACC-1001,2.9,Retail,22,0
a5d7a96b,ACC-1036,73.2,Retail,21,0
b7859759,ACC-1055,94.81,Retail,21,0
a8acdc00,ACC-1012,90.75,Luxury_Retail,10,0
52086b5b,ACC-1079,21.84,Travel,9,0
c4053187,ACC-1050,28.66,Travel,13,0
7caf05ed,ACC-1072,81.09,Retail,16,0
16e04fd9,ACC-1010,197.54,Gas_Station,12,0
2b4a084f,ACC-1048,135.77,Crypto,6,0
b879624a,ACC-1081,34.01,Online_Marketplace,22,0
2109db94,ACC-1055,48.1,Retail,10,0
9eba14bd,ACC-1012,50.25,Crypto,15,0
cf9651db,ACC-1088,48.15,Travel,6,0
8b4d286f,ACC-1009,21.13,Travel,20,0
0c433cc2,ACC-1084,82.27,Crypto,13,0
31599921,ACC-1026,32.72,Retail,10,0
a0ac0ed2,ACC-1009,101.93,Travel,9,0
ad601069,ACC-1072,203.27,Groceries,10,0
393edbe1,ACC-1069,39.12,Luxury_Retail,17,0
fa3999da,ACC-1088,90.17,Groceries,17,0
081a1647,ACC-1044,119.01,Crypto,7,0
c2bc02d8,ACC-1009,9.88,Retail,8,0
bf2c688a,ACC-1081,72.41,Groceries,17,0
dfa017ae,ACC-1045,51.26,Groceries,19,0
b7cc3575,ACC-1087,59.77,Travel,17,0
7bd0d98c,ACC-1079,27.3,Travel,17,0
85d0d1cd,ACC-1034,52.45,Groceries,12,0
f39cc4ab,ACC-1094,99.8,Gas_Station,17,0
aeea1e2f,ACC-1011,195.11,Online_Marketplace,15,0
3fded93a,ACC-1097,145.93,Retail,14,0
36e63206,ACC-1023,265.32,Groceries,8,0
b5794290,ACC-1065,26.73,Online_Marketplace,19,0
c48fc1e9,ACC-1045,137.23,Online_Marketplace,8,0
f9d8c672,ACC-1100,68.33,Travel,7,0
dc98cc27,ACC-1052,268.98,Groceries,17,0
8a3c9af3,ACC-1031,30.83,Online_Marketplace,7,0
216a0ff9,ACC-1048,33.97,Travel,21,0
5fcb61d9,ACC-1034,9.94,Gas_Station,9,0
866346d7,ACC-1055,162.39,Online_Marketplace,9,0
ad5c6089,ACC-1100,2.58,Groceries,18,0
074f795b,ACC-1092,25.91,Retail,16,0
5c651649,ACC-1025,65.04,Crypto,20,0
346d3ff2,ACC-1000,84.18,Online_Marketplace,8,0
51123f34,ACC-1042,237.62,Online_Marketplace,15,0
e3f65d5b,ACC-1083,145.04,Online_Marketplace,15,0
5e9c28cc,ACC-1077,7.69,Travel,9,0
9dec37bb,ACC-1022,39.84,Crypto,11,0
aeb9f93b,ACC-1088,99.19,Online_Marketplace,15,0
409b7d99,ACC-1031,82.02,Crypto,20,0
555117e9,ACC-1100,233.15,Groceries,17,0
4d8d9cff,ACC-1072,167.94,Online_Marketplace,16,0
8fc6eca5,ACC-1087,3.08,Gas_Station,23,0
1f045df8,ACC-1059,121.31,Luxury_Retail,22,0
fbe3fe60,ACC-1037,185.39,Crypto,11,0
5dda634e,ACC-1063,38.55,Luxury_Retail,7,0
5315df2b,ACC-1084,173.78,Gas_Station,14,0
6bb5ee2c,ACC-1057,109.44,Gas_Station,18,0
25388412,ACC-1068,9.94,Travel,20,0
6236f2f3,ACC-1046,50.52,Travel,18,0
04f0efc3,ACC-1010,54.7,Crypto,22,0
c8acc2bf,ACC-1045,4.99,Retail,12,0
6787a823,ACC-1086,112.28,Gas_Station,6,0
270ad31e,ACC-1055,56.76,Crypto,17,0
6020683b,ACC-1028,35.76,Retail,5,0
712f6421,ACC-1088,62.03,Travel,21,0
b2905b08,ACC-1050,101.44,Travel,12,0
bd75a310,ACC-1019,121.16,Online_Marketplace,23,0
0a6521fd,ACC-1037,62.46,Groceries,5,0
e74b5742,ACC-1093,103.41,Online_Marketplace,7,0
f5aa51f2,ACC-1058,177.77,Gas_Station,16,0
9f24e805,ACC-1044,83.23,Luxury_Retail,11,0
268ecdfc,ACC-1089,24.85,Online_Marketplace,8,0
16d1828a,ACC-1005,205.12,Online_Marketplace,15,0
e2f968b6,ACC-1043,61.57,Luxury_Retail,8,0
285e5342,ACC-1021,167.93,Crypto,8,0
006c81b2,ACC-1070,56.75,Crypto,12,0
32668d89,ACC-1059,256.07,Gas_Station,15,0
397c30ca,ACC-1023,225.53,Gas_Station,17,0
b9626495,ACC-1094,25.1,Crypto,18,0
9d98deae,ACC-1054,147.16,Travel,11,0
3648d4c0,ACC-1035,114.54,Online_Marketplace,5,0
5a2d4b56,ACC-1068,186.86,Luxury_Retail,7,0
195e72e9,ACC-1058,46.49,Gas_Station,16,0
7a3dbb1c,ACC-1062,118.61,Retail,13,0
7723e70f,ACC-1078,155.84,Travel,15,0
ad358179,ACC-1045,125.87,Online_Marketplace,23,0
bda10e1c,ACC-1086,68.33,Luxury_Retail,19,0
25f1f3f2,ACC-1010,153.92,Crypto,14,0
a5864cd9,ACC-1030,23.06,Crypto,9,0
d69aaace,ACC-1088,121.75,Groceries,8,0
53bfb35b,ACC-1076,200.24,Gas_Station,21,0
f76d2198,ACC-1023,57.41,Gas_Station,23,0
0528cc60,ACC-1082,212.86,Online_Marketplace,22,0
c5327e83,ACC-1036,88.01,Gas_Station,22,0
6d2a8b7f,ACC-1057,120.34,Gas_Station,10,0
cdd4d438,ACC-1062,44.45,Travel,6,0
b77c3922,ACC-1064,88.41,Gas_Station,11,0
8b64ba19,ACC-1062,46.73,Crypto,20,0
ef17ee74,ACC-1010,156.74,Online_Marketplace,19,0
4bfb272c,ACC-1004,41.09,Travel,5,0
abd91969,ACC-1021,80.45,Groceries,12,0
844e3a22,ACC-1098,116.97,Luxury_Retail,19,0
f4d847ed,ACC-1014,86.66,Luxury_Retail,20,0
e1c3f36e,ACC-1069,43.99,Travel,8,0
9691db05,ACC-1096,1.39,Luxury_Retail,16,0
9e407345,ACC-1054,55.92,Retail,19,0
72456303,ACC-1004,43.73,Retail,12,0
854a3991,ACC-1011,145.51,Online_Marketplace,13,0
014a77cb,ACC-1094,48.57,Online_Marketplace,8,0
9ab95c1f,ACC-1054,100.4,Travel,16,0
4405da4d,ACC-1026,3.03,Gas_Station,9,0
a335ccf5,ACC-1068,29.29,Luxury_Retail,6,0
88390a80,ACC-1090,39.3,Groceries,22,0
e6182c58,ACC-1065,53.52,Groceries,14,0
9e308fa2,ACC-1100,5.36,Crypto,8,0
195bdf31,ACC-1083,69.79,Online_Marketplace,6,0
d802be32,ACC-1091,246.47,Gas_Station,9,0
6ed4c1cb,ACC-1062,53.53,Groceries,12,0
491e0a97,ACC-1080,19.97,Gas_Station,23,0
a32e2d66,ACC-1081,71.4,Online_Marketplace,17,0
d6af6451,ACC-1095,38.77,Luxury_Retail,7,0
666034ed,ACC-1041,27.9,Groceries,16,0
6f879936,ACC-1058,111.42,Travel,5,0
51a9d2aa,ACC-1068,125.75,Crypto,16,0
497a3f7a,ACC-1027,3.05,Online_Marketplace,11,0
b945d328,ACC-1036,7.58,Online_Marketplace,13,0
d5b14743,ACC-1072,22.49,Groceries,22,0
a09e2de8,ACC-1087,180.19,Luxury_Retail,20,0
120afcaf,ACC-1080,101.52,Luxury_Retail,6,0
37f39ea6,ACC-1020,186.69,Luxury_Retail,19,0
dd99fead,ACC-1025,214.5,Online_Marketplace,19,0
b55ccc48,ACC-1020,25.1,Crypto,9,0
e4c8fb4f,ACC-1046,107.66,Luxury_Retail,13,0
570fb8e8,ACC-1083,81.13,Groceries,7,0
3ab213e6,ACC-1039,357.89,Gas_Station,6,0
ba07a40a,ACC-1011,161.96,Crypto,12,0
d726d08e,ACC-1061,37.21,Crypto,8,0
94bbabfd,ACC-1066,45.55,Retail,9,0
603385ce,ACC-1089,110.64,Crypto,19,0
9f2c9c29,ACC-1016,70.35,Groceries,8,0
10298fdc,ACC-1011,25.64,Online_Marketplace,7,0
8257503d,ACC-1047,92.23,Crypto,8,0
ebd144ff,ACC-1096,14.66,Groceries,9,0
ccc1880b,ACC-1018,58.15,Luxury_Retail,9,0
9ecdb460,ACC-1078,218.71,Retail,21,0
f452a4d9,ACC-1092,138.16,Crypto,10,0
7946d770,ACC-1087,49.2,Gas_Station,9,0
b706eaab,ACC-1012,197.99,Online_Marketplace,11,0
52e3e19c,ACC-1049,57.74,Gas_Station,8,0
c95cc3d9,ACC-1017,36.13,Groceries,18,0
f1810642,ACC-1031,202.31,Gas_Station,13,0
b3817694,ACC-1084,103.89,Travel,14,0
2d9e2463,ACC-1065,53.72,Groceries,11,0
4299326c,ACC-1006,30.97,Gas_Station,17,0
a6d89044,ACC-1014,37.56,Luxury_Retail,12,0
04cd6751,ACC-1009,88.28,Gas_Station,20,0
d47cadef,ACC-1040,142.62,Travel,5,0
995d932c,ACC-1046,240.94,Gas_Station,17,0
d58a80f3,ACC-1009,89.86,Travel,10,0
638a9f75,ACC-1033,106.3,Retail,23,0
472b433d,ACC-1050,15.06,Gas_Station,6,0
edc2a728,ACC-1064,1.29,Travel,14,0
a2e96995,ACC-1051,9.24,Luxury_Retail,18,0
038cfc8c,ACC-1019,36.4,Retail,22,0
7b21dcd7,ACC-1065,54.85,Groceries,7,0
40e049eb,ACC-1050,33.1,Gas_Station,9,0
09c0aafe,ACC-1055,77.05,Travel,7,0
9a963ac9,ACC-1011,44.98,Crypto,12,0
25dd69bc,ACC-1077,26.11,Online_Marketplace,8,0
d4a3b993,ACC-1084,40.76,Retail,14,0
51a0dde1,ACC-1090,7.68,Crypto,10,0
54348931,ACC-1044,125.54,Gas_Station,5,0
fd620e1a,ACC-1047,100.09,Travel,21,0
44eafb5a,ACC-1003,47.76,Gas_Station,13,0
c6a5724d,ACC-1008,59.93,Groceries,18,0
12f31284,ACC-1063,125.14,Groceries,23,0
bcac42d4,ACC-1063,116.94,Online_Marketplace,21,0
b9efd999,ACC-1020,104.34,Luxury_Retail,23,0
bd6c9b9e,ACC-1092,16.26,Groceries,8,0
bc4a70f3,ACC-1005,107.06,Retail,12,0
702c4928,ACC-1060,26.33,Luxury_Retail,5,0
3adb73c8,ACC-1004,130.49,Groceries,17,0
33d9c073,ACC-1031,112.75,Travel,18,0
c72b91b8,ACC-1009,54.81,Online_Marketplace,15,0
7a9f051a,ACC-1086,75.97,Travel,16,0
b0e36ad1,ACC-1066,40.43,Retail,10,0
c518ff9f,ACC-1059,113.86,Retail,17,0
4aac0d09,ACC-1011,116.15,Luxury_Retail,14,0
94709d7a,ACC-1025,43.39,Travel,19,0
f48d682b,ACC-1079,71.1,Groceries,23,0
a05343d2,ACC-1063,15.18,Gas_Station,19,0
8f733a2f,ACC-1031,54.74,Luxury_Retail,11,0
b929e11d,ACC-1029,36.04,Gas_Station,5,0
126127d8,ACC-1088,11.54,Travel,16,0
47010fcc,ACC-1084,150.63,Retail,15,0
bfdcdcb4,ACC-1067,7.69,Online_Marketplace,14,0
acfe021b,ACC-1018,133.57,Gas_Station,18,0
1d46e235,ACC-1029,62.97,Crypto,13,0
e5bd9698,ACC-1047,102.98,Luxury_Retail,21,0
6e97a8b9,ACC-1064,194.16,Online_Marketplace,7,0
6a93edb8,ACC-1072,197.16,Gas_Station,17,0
2c123a1a,ACC-1030,29.69,Retail,18,0
b78a929e,ACC-1050,107.71,Groceries,13,0
6a5c9ede,ACC-1034,29.7,Crypto,15,0
0c81354f,ACC-1099,87.11,Gas_Station,7,0
a07eab37,ACC-1013,10.4,Luxury_Retail,23,0
d8e87f0f,ACC-1052,58.66,Gas_Station,19,0
ca13b295,ACC-1026,34.43,Retail,22,0
4609bfdf,ACC-1015,166.78,Online_Marketplace,14,0
94682f88,ACC-1090,75.44,Retail,10,0
87a0627f,ACC-1041,83.76,Crypto,6,0
cf5f98c6,ACC-1050,8.81,Gas_Station,7,0
c0722a90,ACC-1033,1.24,Travel,6,0
acb61034,ACC-1057,6.74,Luxury_Retail,10,0
09efaa46,ACC-1059,89.45,Travel,22,0
e8190700,ACC-1007,7.9,Retail,9,0
5c1de049,ACC-1051,78.98,Luxury_Retail,12,0
17cc7ee4,ACC-1033,257.54,Groceries,7,0
7eae27a4,ACC-1025,137.11,Luxury_Retail,7,0
208cf5a0,ACC-1042,17.4,Crypto,19,0
56bb3631,ACC-1021,170.12,Retail,6,0
e9e880e3,ACC-1003,9.19,Travel,18,0
c995c5f7,ACC-1027,153.81,Online_Marketplace,18,0
c6fab1bc,ACC-1019,50.81,Gas_Station,13,0
7f285395,ACC-1063,137.08,Retail,12,0
09060548,ACC-1011,14.85,Online_Marketplace,22,0
a283fea4,ACC-1025,51.84,Groceries,17,0
f90529fa,ACC-1069,217.64,Crypto,21,0
d742e82f,ACC-1091,82.69,Luxury_Retail,5,0
fee9e647,ACC-1062,28.09,Groceries,20,0
17682159,ACC-1049,132.94,Groceries,23,0
66eebc0d,ACC-1076,171.11,Groceries,10,0
a4d8bbdc,ACC-1060,73.56,Gas_Station,5,0
7d808bca,ACC-1020,127.09,Travel,16,0
a5f05352,ACC-1034,97.86,Retail,12,0
2e8110ff,ACC-1049,164.38,Travel,6,0
9555c863,ACC-1075,83.85,Groceries,10,0
21f03707,ACC-1090,8.47,Groceries,16,0
6d0e9bd2,ACC-1018,113.28,Crypto,16,0
111ff83b,ACC-1039,277.07,Travel,11,0
b68c0d8a,ACC-1007,68.19,Gas_Station,20,0
a1aede96,ACC-1061,74.82,Gas_Station,12,0
b7fd171d,ACC-1016,4.06,Retail,15,0
db37c04c,ACC-1002,34.98,Groceries,10,0
187a5ae9,ACC-1014,133.03,Gas_Station,23,0
b70a5dbe,ACC-1047,35.61,Luxury_Retail,21,0
01d9c1d9,ACC-1043,57.16,Crypto,17,0
a4d02f23,ACC-1093,2.23,Groceries,15,0
79159b5b,ACC-1022,97.9,Online_Marketplace,20,0
049b0c87,ACC-1078,83.37,Crypto,22,0
2b655b65,ACC-1075,153.75,Luxury_Retail,16,0
3758173c,ACC-1093,1.0,Luxury_Retail,10,0
73ea41a1,ACC-1093,23.01,Crypto,14,0
08946f19,ACC-1098,47.88,Retail,23,0
7e149c05,ACC-1040,5.57,Travel,6,0
2a9b4db4,ACC-1013,87.73,Luxury_Retail,12,0
f06caef1,ACC-1009,125.7,Online_Marketplace,9,0
59b7bedd,ACC-1081,42.22,Gas_Station,16,0
1a044cf4,ACC-1033,136.96,Retail,15,0
3a1c8515,ACC-1044,185.56,Gas_Station,12,0
cd6b99e7,ACC-1049,91.34,Groceries,8,0
e6cfe263,ACC-1052,237.68,Online_Marketplace,18,0
5e8c01d7,ACC-1048,27.38,Online_Marketplace,17,0
4cb302d2,ACC-1097,74.47,Retail,20,0
13865dd6,ACC-1009,127.87,Crypto,12,0
77589ca1,ACC-1040,199.6,Luxury_Retail,6,0
69e36163,ACC-1021,115.44,Groceries,8,0
a39a353a,ACC-1011,44.44,Online_Marketplace,10,0
0939fc38,ACC-1083,78.0,Groceries,20,0
8390b27d,ACC-1012,62.55,Gas_Station,18,0
2e6db574,ACC-1089,294.58,Groceries,11,0
42379ec4,ACC-1036,62.92,Travel,22,0
ec9bf5ea,ACC-1050,60.94,Groceries,12,0
d82bf242,ACC-1006,122.58,Travel,22,0
6c440d3b,ACC-1037,98.1,Groceries,5,0
c8a4c4d5,ACC-1003,72.39,Luxury_Retail,20,0
d84204ad,ACC-1010,29.05,Gas_Station,10,0
1262b447,ACC-1050,97.15,Online_Marketplace,8,0
1531cff0,ACC-1011,238.2,Online_Marketplace,20,0
b9fcb5cb,ACC-1047,184.54,Crypto,22,0
941bec90,ACC-1005,209.32,Online_Marketplace,16,0
9300fd0b,ACC-1028,1.12,Groceries,19,0
4ef534cc,ACC-1019,48.96,Luxury_Retail,13,0
a7ca158b,ACC-1044,37.42,Luxury_Retail,8,0
0812e54e,ACC-1075,55.57,Luxury_Retail,22,0
7cf64d36,ACC-1049,159.42,Gas_Station,22,0
8b87d826,ACC-1087,119.25,Luxury_Retail,21,0
c0533a55,ACC-1030,202.96,Luxury_Retail,20,0
d8f50463,ACC-1091,34.2,Online_Marketplace,14,0
494e819b,ACC-1066,7.31,Retail,21,0
f89854df,ACC-1018,51.21,Luxury_Retail,23,0
fb0b77b6,ACC-1027,115.49,Retail,19,0
9007c490,ACC-1054,132.32,Luxury_Retail,11,0
b0416415,ACC-1080,57.33,Retail,18,0
fc75f438,ACC-1093,79.0,Gas_Station,13,0
4d2ee99a,ACC-1071,79.51,Luxury_Retail,7,0
b9ef7eae,ACC-1035,16.42,Online_Marketplace,22,0
75d594bd,ACC-1089,216.9,Travel,19,0
4238ea8c,ACC-1053,24.04,Travel,23,0
565f7c90,ACC-1072,100.31,Retail,18,0
2e910821,ACC-1013,25.43,Travel,23,0
9a54d92a,ACC-1068,22.73,Travel,8,0
2ba797c9,ACC-1083,219.69,Groceries,18,0
8b0e522e,ACC-1004,44.57,Online_Marketplace,23,0
32c772f3,ACC-1079,26.91,Gas_Station,13,0
1a598e34,ACC-1042,119.62,Travel,17,0
d3578a00,ACC-1060,234.9,Crypto,12,0
7f03721b,ACC-1038,162.66,Groceries,16,0
6c07e635,ACC-1089,23.11,Groceries,13,0
1b4508b7,ACC-1038,60.65,Crypto,8,0
afbaf591,ACC-1093,307.34,Crypto,19,0
cbdfbb2b,ACC-1027,55.92,Online_Marketplace,7,0
b867e249,ACC-1066,51.39,Luxury_Retail,18,0
8d71c32d,ACC-1020,47.59,Luxury_Retail,16,0
b5a6c3b1,ACC-1017,69.81,Retail,14,0
1343a242,ACC-1022,35.56,Luxury_Retail,21,0
0216091f,ACC-1004,7.37,Gas_Station,11,0
99eb4273,ACC-1025,4.69,Online_Marketplace,6,0
d26c7554,ACC-1050,46.72,Groceries,16,0
7e287eda,ACC-1030,4.34,Crypto,8,0
0297375d,ACC-1022,21.28,Groceries,20,0
76cda833,ACC-1044,60.64,Luxury_Retail,20,0
072133c9,ACC-1088,24.5,Groceries,10,0
c3fb7615,ACC-1006,200.4,Retail,14,0
12fafaf6,ACC-1028,215.1,Gas_Station,23,0
31cd3ce0,ACC-1034,159.15,Crypto,12,0
2122b7db,ACC-1099,174.61,Crypto,18,0
066b61b5,ACC-1016,157.34,Luxury_Retail,5,0
df48d4ca,ACC-1001,15.73,Crypto,10,0
60efffd5,ACC-1039,12.86,Gas_Station,13,0
c1fa4e29,ACC-1048,90.75,Crypto,13,0
de96472e,ACC-1027,27.78,Luxury_Retail,16,0
e7e909f7,ACC-1079,61.06,Online_Marketplace,14,0
d87f50a9,ACC-1065,225.23,Online_Marketplace,23,0
e6f5056c,ACC-1076,143.57,Crypto,16,0
bbf4a1b0,ACC-1013,177.16,Travel,14,0
e68f22ba,ACC-1081,122.17,Online_Marketplace,7,0
d45ca5c5,ACC-1091,62.91,Groceries,13,0
960bd9f5,ACC-1066,2.45,Crypto,14,0
00b173dd,ACC-1076,98.94,Luxury_Retail,12,0
8f06b061,ACC-1092,72.21,Online_Marketplace,15,0
38f0e1b6,ACC-1053,121.3,Retail,20,0
17473ed5,ACC-1090,25.97,Online_Marketplace,17,0
98703132,ACC-1091,12.52,Travel,11,0
305dcdd9,ACC-1060,121.1,Gas_Station,22,0
65f7f82c,ACC-1021,94.43,Crypto,16,0
d3e48516,ACC-1012,13.9,Luxury_Retail,22,0
a312c7bf,ACC-1071,165.93,Online_Marketplace,9,0
a8e4a1e4,ACC-1042,58.11,Luxury_Retail,10,0
ea3b00bb,ACC-1028,111.59,Crypto,7,0
e85d5373,ACC-1042,109.31,Crypto,14,0
d6c3b0ad,ACC-1059,19.05,Groceries,13,0
9dd0f3a7,ACC-1081,82.61,Luxury_Retail,8,0
31a62a29,ACC-1060,75.11,Travel,23,0
6b5c670a,ACC-1087,142.4,Gas_Station,21,0
5e83a28c,ACC-1006,31.51,Online_Marketplace,21,0
c8d5d819,ACC-1043,2.27,Luxury_Retail,9,0
244b330a,ACC-1040,154.9,Online_Marketplace,23,0
b6100497,ACC-1042,20.43,Luxury_Retail,10,0
c8c04cff,ACC-1007,90.85,Crypto,10,0
ae47061c,ACC-1097,105.66,Retail,19,0
0143d34f,ACC-1020,110.6,Luxury_Retail,10,0
ffdeae86,ACC-1055,78.04,Online_Marketplace,7,0
e6892d34,ACC-1061,225.48,Crypto,18,0
438c18db,ACC-1025,158.19,Online_Marketplace,5,0
b12a1bac,ACC-1041,219.65,Crypto,16,0
579d9a2a,ACC-1086,71.1,Luxury_Retail,21,0
989a7456,ACC-1044,40.33,Retail,12,0
7415f998,ACC-1064,4.49,Groceries,9,0
89223a3b,ACC-1005,89.91,Travel,14,0
60e2807f,ACC-1066,46.24,Groceries,14,0
64b1b36d,ACC-1087,160.33,Travel,21,0
d27dbe2a,ACC-1096,61.42,Gas_Station,15,0
581af5d0,ACC-1029,65.03,Gas_Station,10,0
e735fdd7,ACC-1002,13.64,Gas_Station,9,0
502ad112,ACC-1046,44.31,Travel,21,0
a68f2b03,ACC-1081,80.78,Crypto,6,0
efd7b353,ACC-1076,121.02,Groceries,22,0
67deacde,ACC-1002,84.82,Retail,8,0
d99f3d74,ACC-1048,124.33,Retail,8,0
069315f1,ACC-1089,67.09,Retail,22,0
7e0244e0,ACC-1080,31.6,Gas_Station,11,0
9adfa321,ACC-1012,51.84,Retail,14,0
a8f82eb8,ACC-1077,84.76,Crypto,21,0
2e305b70,ACC-1013,3.98,Crypto,9,0
bf669aa6,ACC-1100,27.83,Travel,8,0
bbc20a39,ACC-1025,69.58,Retail,20,0
ebc6216d,ACC-1045,47.84,Luxury_Retail,13,0
0b8fae1b,ACC-1005,90.83,Crypto,18,0
8d2d9fe3,ACC-1061,120.26,Travel,20,0
54113327,ACC-1085,152.92,Groceries,12,0
d1279dde,ACC-1063,97.26,Retail,8,0
ecfe27cf,ACC-1092,75.6,Gas_Station,7,0
ac007e29,ACC-1029,148.27,Crypto,8,0
ef943f13,ACC-1006,216.55,Online_Marketplace,14,0
b57096a7,ACC-1037,151.44,Retail,10,0
8862f93b,ACC-1014,134.09,Groceries,15,0
62edee0d,ACC-1017,77.96,Retail,6,0
2616539a,ACC-1056,12.48,Crypto,10,0
92c6e8fb,ACC-1043,52.61,Travel,13,0
2dfecf9e,ACC-1058,101.77,Gas_Station,8,0
5d088bdd,ACC-1061,22.57,Groceries,17,0
9130a8d8,ACC-1021,68.68,Luxury_Retail,18,0
78473eb5,ACC-1007,25.54,Retail,9,0
2783d93c,ACC-1075,11.15,Luxury_Retail,10,0
4a8a84a1,ACC-1023,90.67,Online_Marketplace,23,0
3acca602,ACC-1003,42.32,Travel,17,0
ba5d9137,ACC-1062,85.17,Luxury_Retail,9,0
3acdbaf2,ACC-1008,47.59,Retail,18,0
8da68ecb,ACC-1086,155.36,Groceries,15,0
8deebf7e,ACC-1085,44.94,Travel,23,0
1de8e833,ACC-1088,313.24,Luxury_Retail,15,0
f6597b4b,ACC-1093,99.33,Crypto,8,0
74b0f455,ACC-1086,68.48,Gas_Station,20,0
4077a2e5,ACC-1071,35.84,Crypto,17,0
9b8d2d71,ACC-1020,120.03,Travel,6,0
306bfcbe,ACC-1021,7.56,Travel,20,0
53b28be7,ACC-1042,62.2,Retail,20,0
74dec4f4,ACC-1070,306.01,Groceries,6,0
72ddddd5,ACC-1030,40.39,Crypto,17,0
cfffbb48,ACC-1073,164.93,Retail,19,0
93c5b8e8,ACC-1040,20.32,Online_Marketplace,7,0
2634df18,ACC-1013,46.5,Retail,20,0
02cf694d,ACC-1070,227.08,Online_Marketplace,18,0
a79df291,ACC-1081,12.7,Retail,7,0
281347df,ACC-1083,231.24,Groceries,21,0
33272669,ACC-1006,120.78,Crypto,19,0
4bc51d2b,ACC-1071,6.25,Luxury_Retail,12,0
58620e22,ACC-1091,113.24,Luxury_Retail,20,0
eca42214,ACC-1084,147.26,Online_Marketplace,8,0
b631c095,ACC-1081,112.18,Gas_Station,5,0
0cde43c0,ACC-1047,107.02,Luxury_Retail,14,0
50e46fc3,ACC-1021,22.71,Crypto,8,0
a1832773,ACC-1032,25.25,Online_Marketplace,9,0
d8c65dba,ACC-1050,42.56,Travel,11,0
b49bd19e,ACC-1043,112.07,Gas_Station,19,0
2f150e98,ACC-1081,67.77,Retail,18,0
a8891921,ACC-1057,83.53,Luxury_Retail,23,0
4ff0a42f,ACC-1063,88.02,Online_Marketplace,23,0
be6a7e3a,ACC-1055,111.06,Retail,21,0
cddd21b0,ACC-1065,105.98,Luxury_Retail,23,0
77424f86,ACC-1022,158.08,Luxury_Retail,10,0
e7cbb43f,ACC-1084,133.39,Crypto,9,0
60d98682,ACC-1049,95.92,Travel,15,0
f63c98f6,ACC-1043,42.98,Online_Marketplace,12,0
67ae5e88,ACC-1052,116.1,Groceries,19,0
8aa47c08,ACC-1089,92.96,Travel,21,0
296ef413,ACC-1027,70.77,Travel,15,0
900b9e87,ACC-1037,77.16,Gas_Station,11,0
654c552e,ACC-1090,77.67,Crypto,16,0
6bf77e4b,ACC-1088,58.11,Crypto,10,0
f241e56c,ACC-1045,155.32,Crypto,15,0
86a86543,ACC-1085,46.04,Travel,20,0
f7f2411b,ACC-1068,118.15,Crypto,18,0
bbfe6887,ACC-1013,52.83,Groceries,18,0
fda21c2b,ACC-1085,52.98,Retail,17,0
2fa982f3,ACC-1100,143.83,Retail,11,0
bdf3b231,ACC-1018,1.6,Gas_Station,14,0
4bf7586a,ACC-1037,59.61,Luxury_Retail,6,0
d72adc15,ACC-1057,3.77,Gas_Station,22,0
c1717e71,ACC-1082,6.55,Retail,22,0
7fec6d64,ACC-1100,19.08,Travel,17,0
0d0315cd,ACC-1006,72.21,Luxury_Retail,14,0
f955a149,ACC-1087,2.13,Online_Marketplace,17,0
b7326119,ACC-1095,175.58,Groceries,22,0
250bd9ee,ACC-1099,39.46,Groceries,11,0
f8fad751,ACC-1081,31.31,Luxury_Retail,19,0
6aec2c8c,ACC-1094,6.03,Crypto,16,0
a34d97da,ACC-1057,194.7,Travel,11,0
b8a00042,ACC-1094,69.66,Gas_Station,7,0
d91b3b8b,ACC-1054,153.18,Travel,8,0
bd9de648,ACC-1020,98.56,Groceries,22,0
b7feb481,ACC-1059,76.71,Travel,13,0
5c9b41df,ACC-1041,138.96,Crypto,9,0
cb74f93e,ACC-1084,58.23,Travel,6,0
78f92a94,ACC-1045,156.55,Groceries,20,0
53b26436,ACC-1023,1.73,Retail,15,0
4164428c,ACC-1053,190.93,Travel,7,0
d76b09f5,ACC-1044,279.89,Travel,22,0
e2de2dfe,ACC-1042,13.72,Gas_Station,11,0
f2bc7b29,ACC-1079,5.45,Groceries,14,0
75f52a0a,ACC-1096,195.34,Travel,20,0
f7e73d1e,ACC-1044,207.96,Crypto,5,0
24c69623,ACC-1079,2.29,Online_Marketplace,12,0
959a46b0,ACC-1041,7.98,Gas_Station,6,0
4e1aaaf1,ACC-1069,21.82,Online_Marketplace,8,0
c38a9ab2,ACC-1066,84.45,Crypto,14,0
79c912a7,ACC-1065,41.87,Luxury_Retail,16,0
695558c4,ACC-1083,50.41,Online_Marketplace,20,0
a0313523,ACC-1012,26.78,Gas_Station,15,0
d7f73cf8,ACC-1080,46.53,Gas_Station,22,0
fd139b63,ACC-1099,73.42,Retail,11,0
dea1f17e,ACC-1068,205.05,Gas_Station,18,0
6d2d430c,ACC-1009,49.84,Luxury_Retail,18,0
4c043e03,ACC-1091,148.43,Crypto,9,0
f18ed4a5,ACC-1006,28.6,Groceries,6,0
840a8ed9,ACC-1073,45.05,Gas_Station,13,0
b81a3a0f,ACC-1049,117.48,Luxury_Retail,12,0
44bc94a5,ACC-1002,62.27,Online_Marketplace,17,0
aa7afab9,ACC-1082,88.24,Online_Marketplace,8,0
0e615370,ACC-1089,66.65,Crypto,7,0
5efb297c,ACC-1064,99.25,Luxury_Retail,7,0
5b1d2a5b,ACC-1077,78.92,Retail,14,0
e6cf3c24,ACC-1050,295.53,Retail,14,0
1bb07f23,ACC-1068,13.77,Luxury_Retail,5,0
2385ac3b,ACC-1069,3.1,Gas_Station,9,0
e9fa601a,ACC-1093,12.31,Groceries,9,0
736a7da6,ACC-1071,5.55,Crypto,16,0
c0a1a6b7,ACC-1073,13.74,Gas_Station,8,0
60395ef2,ACC-1010,168.9,Travel,17,0
c44f58b7,ACC-1052,192.05,Groceries,11,0
f9238d1f,ACC-1023,7.07,Crypto,21,0
1771d18c,ACC-1023,33.24,Gas_Station,13,0
61718edc,ACC-1096,97.14,Crypto,23,0
15e9d116,ACC-1009,5.22,Travel,19,0
20f176e6,ACC-1025,113.29,Groceries,7,0
eaccd86a,ACC-1045,70.29,Crypto,23,0
924dda08,ACC-1079,101.57,Gas_Station,12,0
80a96f2d,ACC-1057,204.75,Retail,11,0
1421d376,ACC-1019,229.59,Groceries,14,0
9cf55db3,ACC-1040,11.28,Travel,23,0
db919eee,ACC-1031,11.23,Online_Marketplace,10,0
de090bff,ACC-1035,78.59,Luxury_Retail,12,0
ce40e6b5,ACC-1093,83.45,Luxury_Retail,16,0
f131a5ad,ACC-1045,115.85,Groceries,20,0
2118d802,ACC-1013,251.02,Luxury_Retail,14,0
3f039c97,ACC-1017,32.31,Gas_Station,7,0
8a298598,ACC-1080,29.83,Travel,11,0
67241e0c,ACC-1064,87.93,Retail,7,0
f7ef7f18,ACC-1051,23.09,Crypto,5,0
c47d127c,ACC-1004,46.69,Luxury_Retail,23,0
a3830143,ACC-1069,229.46,Travel,13,0
1fc66084,ACC-1028,1.76,Online_Marketplace,9,0
c6429748,ACC-1059,72.38,Luxury_Retail,23,0
aaf2b685,ACC-1046,48.36,Travel,21,0
4b81b065,ACC-1078,168.84,Travel,5,0
09b0fcd3,ACC-1057,302.69,Crypto,10,0
89f60e42,ACC-1084,3.09,Gas_Station,10,0
e470a1ce,ACC-1005,1.06,Luxury_Retail,9,0
95273fd7,ACC-1033,154.42,Gas_Station,20,0
4c0494d4,ACC-1026,118.19,Groceries,12,0
f702551f,ACC-1058,234.67,Travel,16,0
3b498b68,ACC-1013,108.39,Retail,6,0
810d8897,ACC-1035,14.07,Crypto,21,0
45002b69,ACC-1072,109.07,Luxury_Retail,13,0
a56d5f3e,ACC-1046,160.87,Gas_Station,17,0
e3102009,ACC-1048,132.05,Travel,7,0
381556f0,ACC-1044,100.73,Gas_Station,21,0
4c6d54fe,ACC-1064,156.67,Online_Marketplace,20,0
2170fc0e,ACC-1009,166.93,Gas_Station,19,0
d974a245,ACC-1023,188.22,Travel,13,0
271d4a4a,ACC-1015,114.87,Gas_Station,16,0
065943bf,ACC-1042,33.29,Crypto,12,0
cc66fb66,ACC-1061,64.67,Crypto,8,0
c9bd7064,ACC-1082,170.65,Online_Marketplace,11,0
55af7d36,ACC-1005,31.69,Luxury_Retail,18,0
24acaf2e,ACC-1017,86.87,Gas_Station,23,0
063ef71b,ACC-1073,10.67,Crypto,21,0
a423a85e,ACC-1023,52.87,Gas_Station,6,0
870e5ea5,ACC-1081,177.85,Travel,17,0
39d88052,ACC-1057,69.11,Retail,14,0
0bb22545,ACC-1028,54.64,Travel,20,0
0058f250,ACC-1074,85.99,Luxury_Retail,18,0
2b5f0ed6,ACC-1065,124.63,Luxury_Retail,10,0
6158fe72,ACC-1058,114.55,Groceries,10,0
c3746a07,ACC-1048,266.33,Travel,23,0
601d5a03,ACC-1025,19.22,Online_Marketplace,9,0
0d0ef202,ACC-1019,71.92,Travel,21,0
0a981921,ACC-1078,74.94,Travel,8,0
d37136d2,ACC-1096,207.75,Travel,6,0
f1fa49d2,ACC-1016,40.47,Retail,7,0
77efa732,ACC-1099,77.9,Travel,22,0
7f83d13f,ACC-1047,110.79,Crypto,18,0
160fcf19,ACC-1054,68.66,Luxury_Retail,6,0
9cf8d63f,ACC-1075,5.36,Gas_Station,20,0
45f5ccfb,ACC-1017,69.41,Luxury_Retail,23,0
e5ebcb63,ACC-1010,157.36,Groceries,20,0
a9d9dfce,ACC-1024,52.65,Groceries,22,0
41c6b759,ACC-1015,63.3,Retail,5,0
6a6e4077,ACC-1026,20.01,Travel,5,0
da53c0a9,ACC-1013,169.5,Crypto,15,0
f38f44de,ACC-1032,102.32,Gas_Station,18,0
2979b204,ACC-1046,5.89,Groceries,22,0
6a908341,ACC-1096,87.72,Travel,13,0
ec045915,ACC-1071,206.55,Gas_Station,18,0
9ad60be1,ACC-1071,43.42,Online_Marketplace,10,0
c91f6074,ACC-1044,5.52,Online_Marketplace,13,0
23f99302,ACC-1084,238.12,Luxury_Retail,17,0
ff39edc7,ACC-1089,94.8,Retail,12,0
f0b46d20,ACC-1051,169.88,Gas_Station,8,0
2b39aae0,ACC-1089,94.0,Luxury_Retail,15,0
341ce732,ACC-1081,0.21,Crypto,6,0
f07da135,ACC-1076,52.12,Retail,7,0
83c5b5b0,ACC-1028,120.84,Online_Marketplace,7,0
d13f38fb,ACC-1092,74.38,Groceries,7,0
058d1a23,ACC-1066,6.41,Online_Marketplace,17,0
b1182294,ACC-1063,78.03,Groceries,6,0
e662fa8d,ACC-1084,137.25,Online_Marketplace,5,0
3d9334ba,ACC-1004,115.02,Luxury_Retail,21,0
9241e740,ACC-1029,40.08,Luxury_Retail,21,0
d9a02b19,ACC-1046,234.66,Travel,10,0
8f04d580,ACC-1035,57.01,Gas_Station,5,0
9d36f9df,ACC-1050,102.55,Luxury_Retail,17,0
60a30697,ACC-1001,19.19,Online_Marketplace,23,0
16ceec2a,ACC-1036,45.44,Crypto,7,0
f68dc4f9,ACC-1044,74.33,Crypto,22,0
00ab7088,ACC-1024,25.88,Luxury_Retail,13,0
46d0dc33,ACC-1033,85.21,Online_Marketplace,17,0
53a02dfb,ACC-1071,75.15,Gas_Station,18,0
a3c4a9c9,ACC-1014,194.38,Retail,21,0
b6ae59e1,ACC-1068,41.78,Luxury_Retail,21,0
ff1c75d6,ACC-1056,161.73,Luxury_Retail,23,0
39e3677f,ACC-1031,84.27,Online_Marketplace,23,0
a93e9211,ACC-1058,95.68,Luxury_Retail,15,0
cdbf3080,ACC-1033,106.98,Travel,5,0
ac206f98,ACC-1028,94.77,Retail,17,0
39d62aba,ACC-1045,114.27,Crypto,12,0
ff431e54,ACC-1033,182.92,Travel,22,0
54f3175f,ACC-1086,69.65,Gas_Station,14,0
9faa9861,ACC-1022,120.9,Crypto,15,0
18c5d003,ACC-1073,41.03,Online_Marketplace,15,0
84392173,ACC-1024,194.01,Groceries,10,0
f21d525f,ACC-1030,17.64,Online_Marketplace,11,0
772660c8,ACC-1025,230.09,Luxury_Retail,13,0
5cd9c891,ACC-1019,45.98,Luxury_Retail,12,0
f880c2ea,ACC-1010,93.08,Luxury_Retail,8,0
489fcb87,ACC-1097,62.81,Crypto,20,0
89881667,ACC-1061,18.11,Luxury_Retail,22,0
161e4cbe,ACC-1073,134.06,Groceries,15,0
db63524a,ACC-1097,15.26,Luxury_Retail,13,0
e6593cc8,ACC-1096,5.38,Travel,13,0
c0094a88,ACC-1054,138.95,Travel,9,0
5ec76796,ACC-1044,4.77,Online_Marketplace,22,0
8f0559f7,ACC-1089,192.39,Online_Marketplace,10,0
dfc20b2b,ACC-1001,108.39,Travel,19,0
e02345c6,ACC-1012,126.04,Retail,11,0
b7b2bd96,ACC-1033,128.58,Groceries,16,0
6a4a70fe,ACC-1034,92.55,Gas_Station,22,0
4901ac86,ACC-1063,46.7,Online_Marketplace,15,0
228f78c8,ACC-1096,45.23,Online_Marketplace,11,0
2efa856b,ACC-1057,49.64,Groceries,16,0
0894538a,ACC-1087,65.84,Gas_Station,23,0
4976340a,ACC-1030,200.34,Gas_Station,8,0
b1db2dc5,ACC-1018,137.74,Travel,18,0
3189d0c7,ACC-1001,27.9,Luxury_Retail,9,0
1b8fe1b6,ACC-1080,52.69,Gas_Station,18,0
2369a90d,ACC-1062,70.84,Travel,22,0
52bd656e,ACC-1072,154.17,Groceries,13,0
c0fac4af,ACC-1020,25.28,Retail,17,0
8a7cecf3,ACC-1080,18.2,Retail,11,0
27ee2c31,ACC-1046,50.16,Retail,19,0
c0266187,ACC-1032,21.89,Groceries,22,0
fd6d9086,ACC-1044,229.77,Groceries,5,0
30f42ac6,ACC-1083,114.08,Luxury_Retail,11,0
98dcd7a6,ACC-1036,7.12,Crypto,22,0
a9c9a81d,ACC-1062,107.26,Groceries,15,0
b45d5ddd,ACC-1078,189.94,Luxury_Retail,19,0
455d8dc5,ACC-1021,142.46,Groceries,19,0
f3ec5f27,ACC-1078,55.96,Crypto,15,0
b18f3719,ACC-1020,14.69,Travel,17,0
ad338ffc,ACC-1083,119.82,Groceries,12,0
c95d0dbb,ACC-1050,89.35,Groceries,13,0
ee870854,ACC-1075,139.52,Groceries,19,0
4e61a8aa,ACC-1023,113.52,Travel,19,0
19bd00d4,ACC-1030,154.96,Luxury_Retail,5,0
3eae7a18,ACC-1010,3.52,Crypto,13,0
6920321e,ACC-1012,181.74,Gas_Station,10,0
772b05bb,ACC-1003,69.76,Retail,20,0
320692df,ACC-1010,257.53,Luxury_Retail,17,0
d28503bd,ACC-1010,18.92,Retail,13,0
059d74cb,ACC-1031,223.6,Crypto,17,0
f8a71cfd,ACC-1016,69.79,Crypto,14,0
9610e07b,ACC-1004,15.14,Gas_Station,21,0
430b562b,ACC-1060,1.61,Crypto,16,0
ebe8c4de,ACC-1056,17.97,Online_Marketplace,22,0
faeb8f7f,ACC-1076,92.42,Gas_Station,22,0
da837a8c,ACC-1081,102.28,Online_Marketplace,23,0
a371ab98,ACC-1044,7.37,Crypto,22,0
13723e0f,ACC-1011,47.56,Online_Marketplace,22,0
2e2fe986,ACC-1033,264.23,Online_Marketplace,14,0
ff6f2f64,ACC-1066,222.75,Gas_Station,14,0
f536af31,ACC-1060,93.63,Luxury_Retail,9,0
5f4a2fc3,ACC-1062,53.8,Travel,5,0
fb95de57,ACC-1098,62.0,Luxury_Retail,20,0
5d19f67b,ACC-1000,111.35,Online_Marketplace,14,0
a9505533,ACC-1071,52.28,Travel,16,0
b0f03950,ACC-1091,24.26,Online_Marketplace,17,0
c67ec294,ACC-1033,116.86,Crypto,17,0
4589889b,ACC-1066,89.92,Retail,18,0
1d5d1074,ACC-1095,114.72,Luxury_Retail,13,0
19ad162d,ACC-1008,1.68,Travel,13,0
b632b20c,ACC-1081,207.4,Gas_Station,9,0
a1f94caa,ACC-1079,72.58,Online_Marketplace,19,0
9e884c9c,ACC-1019,96.44,Online_Marketplace,11,0
a7c5c370,ACC-1013,72.45,Retail,22,0
2050e5d1,ACC-1056,154.71,Groceries,13,0
fb631386,ACC-1019,218.39,Crypto,5,0
cb736c1c,ACC-1053,4.11,Retail,20,0
18de6750,ACC-1089,157.87,Groceries,20,0
2a8667e2,ACC-1096,46.15,Luxury_Retail,6,0
4eacdd1d,ACC-1050,32.74,Gas_Station,6,0
e1ce7a3b,ACC-1024,138.37,Retail,22,0
fe15de52,ACC-1001,115.23,Luxury_Retail,13,0
971f3638,ACC-1056,107.64,Retail,12,0
a4b37ad5,ACC-1094,197.65,Gas_Station,6,0
9cccbc22,ACC-1026,188.01,Luxury_Retail,8,0
4de77da4,ACC-1041,12.56,Online_Marketplace,17,0
d9159ee5,ACC-1015,89.58,Gas_Station,6,0
8e8430f4,ACC-1025,99.4,Groceries,20,0
3611b529,ACC-1014,76.07,Groceries,6,0
a1e3fb44,ACC-1021,5.03,Gas_Station,18,0
86987aa8,ACC-1050,17.16,Luxury_Retail,13,0
7eb57bf8,ACC-1074,47.44,Luxury_Retail,12,0
d8acab75,ACC-1019,167.27,Luxury_Retail,20,0
3a9a5e3e,ACC-1063,104.36,Groceries,7,0
f6809b14,ACC-1007,12.94,Retail,15,0
f1912b7f,ACC-1013,127.17,Groceries,9,0
b744f5d3,ACC-1071,234.85,Gas_Station,20,0
2d1bd8ab,ACC-1024,164.88,Luxury_Retail,16,0
b5d8f7fb,ACC-1017,123.97,Retail,17,0
202c2651,ACC-1056,13.76,Groceries,6,0
2c2b6c77,ACC-1062,61.97,Travel,14,0
80361557,ACC-1044,79.47,Gas_Station,23,0
dbd25d9b,ACC-1076,166.08,Groceries,19,0
423abfc9,ACC-1067,3.23,Luxury_Retail,22,0
d2fc05c9,ACC-1033,84.65,Gas_Station,19,0
f9b6f9aa,ACC-1099,45.31,Travel,16,0
5ed43de1,ACC-1023,97.7,Crypto,21,0
f7c3e26d,ACC-1041,57.68,Retail,16,0
e5fc154f,ACC-1049,78.3,Crypto,7,0
1a04524a,ACC-1098,149.63,Gas_Station,21,0
5a8f05ef,ACC-1041,0.62,Travel,9,0
a51be099,ACC-1066,105.66,Online_Marketplace,15,0
136b02cb,ACC-1016,7.19,Crypto,7,0
da6e269e,ACC-1062,200.08,Gas_Station,6,0
67954429,ACC-1082,135.02,Gas_Station,8,0
efa373ec,ACC-1067,15.13,Luxury_Retail,17,0
981d2c63,ACC-1046,15.07,Travel,23,0
791d054a,ACC-1026,17.84,Gas_Station,7,0
28c2a52c,ACC-1081,257.67,Crypto,20,0
542d3307,ACC-1053,88.19,Retail,16,0
8523f2c8,ACC-1078,93.0,Luxury_Retail,16,0
9e8d0869,ACC-1009,153.03,Groceries,21,0
3bc14379,ACC-1066,73.88,Luxury_Retail,14,0
f05b95e4,ACC-1049,24.1,Retail,8,0
98e13873,ACC-1031,30.37,Gas_Station,11,0
0cf005f8,ACC-1071,42.84,Travel,10,0
c246f444,ACC-1045,46.28,Online_Marketplace,8,0
32ba35b9,ACC-1054,122.76,Crypto,19,0
fe5b93b5,ACC-1051,55.19,Retail,10,0
c534547e,ACC-1068,123.26,Travel,15,0
14019e09,ACC-1040,41.93,Travel,19,0
802c30ec,ACC-1097,57.86,Travel,15,0
78820ba0,ACC-1030,149.82,Crypto,18,0
64d2cf44,ACC-1098,141.63,Travel,22,0
c8696e65,ACC-1057,84.65,Travel,13,0
1c33cabb,ACC-1076,149.8,Online_Marketplace,5,0
af35d154,ACC-1038,239.63,Retail,21,0
02a0edcb,ACC-1040,258.84,Retail,14,0
e281c9c0,ACC-1071,36.04,Retail,13,0
31668b78,ACC-1004,160.82,Travel,23,0
01c6fc85,ACC-1033,53.99,Online_Marketplace,16,0
d8604616,ACC-1032,111.28,Groceries,23,0
c082ca67,ACC-1051,55.34,Luxury_Retail,14,0
79bc51ea,ACC-1041,12.38,Travel,11,0
6dce5823,ACC-1088,241.4,Luxury_Retail,20,0
12380a9c,ACC-1082,30.93,Crypto,23,0
0134db1a,ACC-1010,71.74,Groceries,6,0
423597d7,ACC-1055,137.01,Luxury_Retail,6,0
9623b372,ACC-1083,99.57,Online_Marketplace,8,0
a22c344f,ACC-1080,65.04,Luxury_Retail,5,0
ec011e81,ACC-1005,86.5,Online_Marketplace,6,0
36549238,ACC-1041,290.34,Groceries,22,0
07eeda82,ACC-1086,44.24,Travel,12,0
0f953c5b,ACC-1076,70.11,Crypto,17,0
71e1fbf4,ACC-1055,155.07,Travel,21,0
ba92f8b9,ACC-1043,160.55,Groceries,17,0
a961755c,ACC-1006,168.7,Retail,20,0
973c97c6,ACC-1051,113.87,Travel,17,0
3d191feb,ACC-1097,64.3,Travel,18,0
b285199e,ACC-1062,213.34,Gas_Station,20,0
ca69e905,ACC-1078,64.63,Online_Marketplace,23,0
c904bd03,ACC-1009,80.26,Crypto,21,0
b680a17c,ACC-1073,25.43,Groceries,18,0
cbc51691,ACC-1054,43.59,Retail,8,0
9af384a9,ACC-1044,82.88,Groceries,16,0
279d86a9,ACC-1044,82.14,Travel,5,0
6703a5f9,ACC-1056,92.19,Travel,19,0
f3e42fd6,ACC-1047,211.37,Retail,12,0
fe247f19,ACC-1006,95.35,Gas_Station,7,0
6b548b46,ACC-1043,25.58,Gas_Station,9,0
8678c3bd,ACC-1060,146.41,Crypto,8,0
1ca501fb,ACC-1068,168.95,Retail,15,0
02bcdc83,ACC-1096,72.76,Gas_Station,11,0
efbe1e1f,ACC-1093,109.74,Groceries,22,0
d1746cf2,ACC-1084,120.12,Gas_Station,5,0
632b1d5c,ACC-1007,20.24,Travel,6,0
f7349376,ACC-1034,187.57,Groceries,11,0
9d7f36c0,ACC-1008,34.99,Retail,19,0
d6340508,ACC-1084,62.56,Online_Marketplace,13,0
607a8757,ACC-1083,32.69,Groceries,8,0
62a11b37,ACC-1090,51.56,Online_Marketplace,12,0
203554e1,ACC-1076,59.63,Retail,15,0
df22866b,ACC-1064,94.01,Travel,7,0
4ec69f8d,ACC-1031,209.45,Online_Marketplace,22,0
02f758e9,ACC-1050,34.7,Travel,14,0
3de510e9,ACC-1087,49.14,Crypto,10,0
6bc0beac,ACC-1030,165.34,Groceries,16,0
a948d7c6,ACC-1032,13.9,Travel,13,0
a61f3d17,ACC-1028,82.31,Online_Marketplace,5,0
64ddd7d2,ACC-1017,214.2,Gas_Station,15,0
d0e202cd,ACC-1078,150.98,Retail,17,0
59320f62,ACC-1073,18.82,Luxury_Retail,12,0
30a4f48a,ACC-1077,275.24,Gas_Station,18,0
e2d4803e,ACC-1026,148.18,Groceries,19,0
f0142d1a,ACC-1087,17.52,Crypto,9,0
f8cba466,ACC-1088,199.94,Luxury_Retail,11,0
b49f5b9d,ACC-1098,279.09,Crypto,21,0
19686266,ACC-1008,88.96,Gas_Station,23,0
bae273a4,ACC-1040,114.54,Travel,22,0
635ed07f,ACC-1040,152.26,Luxury_Retail,9,0
9e733941,ACC-1095,293.98,Online_Marketplace,18,0
da616e21,ACC-1024,188.43,Luxury_Retail,13,0
0fe0ca93,ACC-1097,106.39,Retail,9,0
2e7620b4,ACC-1078,109.48,Travel,13,0
7796ee6d,ACC-1003,135.34,Gas_Station,12,0
dc213475,ACC-1061,125.89,Groceries,7,0
f602ce3a,ACC-1091,78.12,Gas_Station,21,0
ba14a79d,ACC-1049,60.42,Crypto,16,0
439e6c2e,ACC-1024,43.74,Online_Marketplace,20,0
b24c4c1a,ACC-1001,25.4,Gas_Station,6,0
df673d8f,ACC-1085,21.93,Groceries,18,0
37daff1e,ACC-1056,119.3,Gas_Station,11,0
92af5448,ACC-1058,40.17,Luxury_Retail,20,0
6b50c7f0,ACC-1005,48.86,Gas_Station,18,0
29a5a7e1,ACC-1078,60.36,Travel,17,0
4cd945e8,ACC-1067,67.99,Crypto,23,0
1508e606,ACC-1057,189.2,Crypto,6,0
522c0af4,ACC-1068,141.83,Online_Marketplace,6,0
cf4b9665,ACC-1066,107.05,Online_Marketplace,6,0
acc65e10,ACC-1056,48.96,Luxury_Retail,6,0
b0886fa3,ACC-1021,144.08,Online_Marketplace,14,0
8e0f8d09,ACC-1006,48.25,Online_Marketplace,14,0
6fbc380e,ACC-1082,27.54,Crypto,21,0
69ed37c2,ACC-1023,105.01,Online_Marketplace,7,0
56e43fc4,ACC-1017,46.83,Luxury_Retail,23,0
f3e54695,ACC-1003,60.54,Online_Marketplace,18,0
5134591a,ACC-1091,83.4,Gas_Station,19,0
caa8985c,ACC-1041,10.14,Gas_Station,19,0
bf5ccea7,ACC-1014,81.98,Crypto,10,0
f8d37fa5,ACC-1010,109.3,Crypto,19,0
9734fd00,ACC-1020,94.05,Travel,17,0
f2098aa3,ACC-1098,48.04,Online_Marketplace,22,0
00a22eb7,ACC-1084,105.25,Gas_Station,15,0
c0a96421,ACC-1018,72.39,Luxury_Retail,9,0
cb6fcc64,ACC-1039,186.41,Gas_Station,6,0
71c95fa5,ACC-1023,62.52,Crypto,19,0
6955e37a,ACC-1079,7.06,Retail,9,0
f1ce3c5f,ACC-1063,62.23,Luxury_Retail,13,0
076677d7,ACC-1000,104.33,Luxury_Retail,20,0
5f0a9fd2,ACC-1075,54.89,Travel,20,0
971c906f,ACC-1056,54.06,Crypto,20,0
564acb20,ACC-1070,20.2,Retail,5,0
038a2de3,ACC-1023,16.29,Groceries,22,0
27f8e49b,ACC-1004,90.26,Gas_Station,6,0
2b743942,ACC-1077,224.96,Gas_Station,6,0
e9d05cd6,ACC-1013,74.39,Groceries,15,0
663d9819,ACC-1036,19.29,Online_Marketplace,10,0
6180d4a9,ACC-1058,21.84,Travel,23,0
9603c2fb,ACC-1004,139.49,Crypto,23,0
9c0845af,ACC-1048,20.51,Retail,14,0
e653a1ed,ACC-1070,174.77,Luxury_Retail,7,0
3be49a6e,ACC-1015,17.35,Retail,14,0
5a6ba629,ACC-1052,77.9,Crypto,13,0
863cb3f2,ACC-1078,33.53,Travel,11,0
f7fe1533,ACC-1080,264.51,Retail,8,0
f466f82b,ACC-1088,68.76,Travel,7,0
91f49160,ACC-1040,80.98,Travel,14,0
f929bb7d,ACC-1045,113.38,Groceries,21,0
f6654204,ACC-1093,91.38,Gas_Station,23,0
5c2ddca3,ACC-1023,31.47,Crypto,20,0
69e4d77d,ACC-1000,37.02,Travel,12,0
249ceeda,ACC-1015,54.38,Retail,5,0
a6a7b224,ACC-1052,35.3,Crypto,11,0
8de79f15,ACC-1081,146.39,Retail,15,0
2b94d39e,ACC-1088,271.05,Gas_Station,5,0
3a203e3a,ACC-1038,5.75,Groceries,13,0
d784688d,ACC-1000,86.98,Travel,22,0
e71bdf67,ACC-1092,41.17,Retail,15,0
11f24214,ACC-1042,307.97,Travel,5,0
36fe59d1,ACC-1060,30.37,Luxury_Retail,15,0
3f4bd321,ACC-1061,213.91,Luxury_Retail,6,0
537acd7d,ACC-1042,217.77,Gas_Station,19,0
07de7bc8,ACC-1066,5.36,Online_Marketplace,18,0
7cae0963,ACC-1071,106.9,Groceries,23,0
af0b62d4,ACC-1087,212.84,Travel,5,0
84b7f1eb,ACC-1035,12.09,Groceries,16,0
5b51335f,ACC-1080,29.64,Luxury_Retail,5,0
ed6f8c88,ACC-1049,8.17,Travel,10,0
71e859f1,ACC-1040,51.48,Gas_Station,8,0
f4ac3dc6,ACC-1011,14.93,Crypto,6,0
4e9f88fa,ACC-1038,72.39,Online_Marketplace,12,0
e21f249a,ACC-1014,53.41,Gas_Station,21,0
c2128163,ACC-1011,27.0,Groceries,6,0
7f0b6ed8,ACC-1061,73.38,Online_Marketplace,21,0
0bbdd735,ACC-1061,105.59,Travel,9,0
9bad6974,ACC-1041,83.09,Crypto,21,0
90d1d6ed,ACC-1016,133.35,Gas_Station,8,0
9ac95dcd,ACC-1091,149.37,Gas_Station,6,0
c39248ee,ACC-1039,87.41,Luxury_Retail,21,0
2c054083,ACC-1005,172.77,Retail,7,0
8ebe097f,ACC-1039,70.96,Retail,21,0
9afb00c0,ACC-1026,217.26,Retail,23,0
462a4ffa,ACC-1035,91.9,Groceries,11,0
c2b67635,ACC-1015,20.5,Travel,15,0
7172d631,ACC-1014,44.42,Groceries,9,0
13522fe6,ACC-1026,105.83,Retail,22,0
76e58e2c,ACC-1034,57.6,Travel,16,0
9925c8d7,ACC-1021,103.88,Gas_Station,14,0
0b50b18d,ACC-1043,42.07,Retail,14,0
1579132d,ACC-1003,66.94,Travel,19,0
2eb9c13e,ACC-1006,91.37,Online_Marketplace,6,0
48b11837,ACC-1090,38.88,Retail,18,0
aa7d2f32,ACC-1088,40.39,Travel,23,0
632ddf58,ACC-1039,23.55,Crypto,19,0
20b91cc7,ACC-1068,173.61,Groceries,11,0
c768e0d3,ACC-1011,159.13,Retail,19,0
4be02f7d,ACC-1039,110.91,Luxury_Retail,19,0
0fcdc0cc,ACC-1028,59.23,Crypto,19,0
349032fd,ACC-1023,18.36,Gas_Station,13,0
0f57f4ce,ACC-1062,171.31,Crypto,15,0
4d7ed45b,ACC-1044,64.17,Retail,7,0
44f70e25,ACC-1098,281.93,Online_Marketplace,19,0
fef34de2,ACC-1013,89.33,Groceries,23,0
02ff29a7,ACC-1083,69.2,Online_Marketplace,8,0
7515671c,ACC-1051,19.09,Retail,14,0
1bb55f68,ACC-1031,63.35,Travel,18,0
a2a96161,ACC-1008,34.75,Travel,10,0
e2d65381,ACC-1055,120.81,Groceries,11,0
3719a9f2,ACC-1043,145.67,Luxury_Retail,18,0
15eca4e3,ACC-1085,28.6,Travel,12,0
41421c31,ACC-1075,83.12,Retail,23,0
12bb8cfd,ACC-1012,133.62,Travel,19,0
684449b1,ACC-1051,100.8,Luxury_Retail,19,0
d82bd0e2,ACC-1076,60.34,Retail,8,0
9dc231ca,ACC-1082,165.29,Luxury_Retail,17,0
c1026856,ACC-1017,88.86,Crypto,6,0
db8f36c9,ACC-1019,299.3,Travel,5,0
e5a98833,ACC-1078,49.39,Online_Marketplace,22,0
641a695b,ACC-1087,133.85,Travel,19,0
b3a68128,ACC-1086,58.18,Groceries,14,0
ccab31e6,ACC-1074,40.11,Groceries,18,0
0555e8e2,ACC-1016,141.91,Retail,21,0
97ab0ea6,ACC-1070,20.97,Luxury_Retail,14,0
7fd499f4,ACC-1045,76.74,Retail,5,0
cbbf0a3c,ACC-1055,82.17,Retail,14,0
5c92984f,ACC-1040,16.81,Crypto,23,0
89f8d502,ACC-1055,149.2,Crypto,17,0
1fe5cf96,ACC-1060,32.5,Travel,11,0
9c223764,ACC-1046,25.57,Gas_Station,11,0
5b14dd39,ACC-1085,103.65,Luxury_Retail,18,0
e057649e,ACC-1082,39.85,Gas_Station,9,0
bf5b5f80,ACC-1055,52.82,Retail,9,0
a2624a4b,ACC-1053,49.09,Gas_Station,7,0
5f771335,ACC-1054,158.59,Luxury_Retail,19,0
1b05752b,ACC-1054,97.47,Travel,10,0
f58304d6,ACC-1028,47.5,Travel,19,0
39102dee,ACC-1073,131.78,Gas_Station,18,0
2632b001,ACC-1052,189.02,Online_Marketplace,12,0
2c373a87,ACC-1004,105.78,Travel,23,0
3718c1f2,ACC-1074,51.04,Travel,20,0
367f6d72,ACC-1093,81.18,Online_Marketplace,7,0
6ad5add9,ACC-1010,56.51,Travel,13,0
70d461cd,ACC-1080,19.48,Travel,7,0
81e8737e,ACC-1069,10.95,Crypto,7,0
9d069dc5,ACC-1006,31.3,Luxury_Retail,23,0
62e32497,ACC-1058,55.66,Groceries,22,0
3356d64b,ACC-1042,102.97,Travel,20,0
ad417da0,ACC-1021,42.95,Online_Marketplace,16,0
730e42dd,ACC-1007,98.65,Retail,14,0
ec517bff,ACC-1073,56.45,Crypto,20,0
cb001de2,ACC-1036,147.55,Retail,14,0
a56dcc15,ACC-1009,43.93,Online_Marketplace,7,0
ad0f60f9,ACC-1078,35.59,Luxury_Retail,13,0
0dab4085,ACC-1094,70.97,Groceries,13,0
3e06a80b,ACC-1019,109.99,Retail,10,0
a4c1c594,ACC-1022,203.08,Crypto,19,0
709a2f81,ACC-1067,171.88,Groceries,12,0
7300b211,ACC-1018,28.66,Luxury_Retail,6,0
2468ae8f,ACC-1052,199.07,Travel,9,0
7e48d64d,ACC-1056,64.87,Luxury_Retail,17,0
0019ba1a,ACC-1093,16.29,Crypto,10,0
924b03d1,ACC-1033,11.34,Luxury_Retail,16,0
05faef35,ACC-1059,19.75,Luxury_Retail,8,0
7b5ac68a,ACC-1095,11.18,Online_Marketplace,20,0
c432a254,ACC-1087,67.04,Luxury_Retail,22,0
6028b95e,ACC-1018,66.06,Crypto,17,0
749570a3,ACC-1057,50.3,Travel,18,0
62b412fb,ACC-1005,93.69,Online_Marketplace,15,0
e6f07cc5,ACC-1055,169.06,Retail,22,0
f2eb28dc,ACC-1034,144.96,Travel,13,0
a336c61f,ACC-1074,98.49,Luxury_Retail,8,0
b50d5e80,ACC-1030,205.39,Online_Marketplace,19,0
69b75fc9,ACC-1043,143.43,Crypto,23,0
cfc655bd,ACC-1001,86.69,Crypto,10,0
c0b35412,ACC-1052,27.52,Crypto,5,0
d8a5e74f,ACC-1057,67.01,Retail,21,0
1a71d044,ACC-1024,130.2,Groceries,12,0
361072ae,ACC-1007,104.15,Retail,5,0
a42262bb,ACC-1015,125.92,Travel,11,0
e9120df0,ACC-1077,7.65,Crypto,8,0
30bb2e24,ACC-1082,209.1,Gas_Station,17,0
c452d9b2,ACC-1023,4.62,Travel,10,0
6cd3b6c9,ACC-1009,89.18,Groceries,14,0
9f27e352,ACC-1054,97.89,Crypto,19,0
659794ec,ACC-1099,68.34,Crypto,15,0
61ceb4b8,ACC-1049,48.47,Retail,13,0
3183f62b,ACC-1033,107.93,Groceries,6,0
42e49b53,ACC-1025,61.96,Gas_Station,19,0
83849759,ACC-1062,47.31,Travel,17,0
e277fec9,ACC-1055,169.66,Retail,9,0
1e4d95c6,ACC-1033,34.15,Gas_Station,8,0
0fdeb5ec,ACC-1073,47.27,Retail,6,0
0f6136ac,ACC-1063,43.33,Crypto,13,0
098692bf,ACC-1049,5.67,Gas_Station,5,0
92fa2397,ACC-1050,38.48,Groceries,9,0
18a681d2,ACC-1098,32.71,Travel,5,0
64e55581,ACC-1093,221.17,Online_Marketplace,20,0
337a2889,ACC-1000,87.19,Luxury_Retail,7,0
42307457,ACC-1068,111.36,Online_Marketplace,20,0
c311a235,ACC-1051,197.12,Groceries,15,0
fe96aba4,ACC-1043,29.07,Retail,7,0
07f6378c,ACC-1025,16.91,Retail,19,0
1ccd5cf6,ACC-1084,153.99,Gas_Station,22,0
bc7e535c,ACC-1013,10.56,Gas_Station,14,0
c5dd1c4a,ACC-1080,232.6,Crypto,16,0
8374342d,ACC-1024,117.79,Online_Marketplace,11,0
2caf931d,ACC-1049,1.21,Retail,23,0
36fc83dc,ACC-1063,265.73,Retail,22,0
03f9862f,ACC-1043,10.57,Travel,19,0
c089d5f4,ACC-1015,124.21,Retail,15,0
6c4da015,ACC-1068,79.93,Gas_Station,21,0
8082c11b,ACC-1009,180.17,Gas_Station,23,0
5dee4e42,ACC-1002,206.15,Retail,9,0
c54ea351,ACC-1083,53.2,Online_Marketplace,6,0
8101d974,ACC-1006,25.34,Gas_Station,5,0
3ef8398b,ACC-1021,96.0,Groceries,8,0
f613d820,ACC-1013,17.77,Luxury_Retail,23,0
596b3345,ACC-1078,251.34,Retail,20,0
6257edf9,ACC-1043,63.65,Gas_Station,7,0
7f1d8c1b,ACC-1087,13.47,Luxury_Retail,17,0
b0d4d154,ACC-1027,68.47,Travel,22,0
27d5ab2a,ACC-1042,84.71,Luxury_Retail,6,0
9130723b,ACC-1096,47.16,Retail,8,0
1dabbe0d,ACC-1070,170.04,Online_Marketplace,10,0
61fb1566,ACC-1074,15.69,Gas_Station,19,0
9cfe478d,ACC-1080,54.69,Retail,9,0
a51a4c44,ACC-1062,103.67,Travel,17,0
50e0f95a,ACC-1011,168.57,Retail,5,0
c82d1cf0,ACC-1088,121.9,Crypto,23,0
b30556ec,ACC-1026,149.6,Luxury_Retail,20,0
b7ba3559,ACC-1052,25.68,Gas_Station,13,0
669b2ca3,ACC-1004,92.18,Gas_Station,10,0
7845bb1e,ACC-1011,200.13,Travel,10,0
f5cdaf95,ACC-1000,17.73,Crypto,14,0
2af02cce,ACC-1067,24.92,Travel,12,0
3e712e11,ACC-1028,182.82,Retail,16,0
73254d52,ACC-1024,105.62,Online_Marketplace,11,0
c579ba85,ACC-1060,95.59,Retail,9,0
bd563923,ACC-1005,266.5,Online_Marketplace,10,0
1e11d7a2,ACC-1055,14.35,Retail,16,0
0cf524b0,ACC-1097,142.78,Groceries,15,0
9c86bb4f,ACC-1006,55.7,Online_Marketplace,6,0
c229c655,ACC-1003,76.86,Travel,10,0
731fdd3d,ACC-1030,202.85,Online_Marketplace,21,0
178eded8,ACC-1041,100.78,Crypto,19,0
171c5ba9,ACC-1041,103.83,Online_Marketplace,11,0
69bd180a,ACC-1012,157.25,Gas_Station,8,0
62207eef,ACC-1028,13.5,Gas_Station,18,0
d3eb8fe6,ACC-1006,33.92,Retail,20,0
c6b8f678,ACC-1078,54.48,Online_Marketplace,9,0
9cae4657,ACC-1017,146.64,Online_Marketplace,10,0
1a0202af,ACC-1034,255.62,Online_Marketplace,11,0
6194bce8,ACC-1088,60.32,Gas_Station,15,0
d3ba01ac,ACC-1014,27.87,Travel,6,0
a981093e,ACC-1021,22.32,Luxury_Retail,19,0
c59cb576,ACC-1037,80.74,Luxury_Retail,15,0
f2e43ffe,ACC-1021,131.57,Travel,10,0
516a362a,ACC-1052,136.05,Travel,22,0
5a4ffd39,ACC-1027,8.31,Luxury_Retail,21,0
7b169788,ACC-1001,33.29,Travel,20,0
ce653373,ACC-1041,78.26,Crypto,18,0
7f785fbf,ACC-1075,25.13,Online_Marketplace,23,0
67f27518,ACC-1005,210.73,Gas_Station,23,0
a5b21440,ACC-1054,99.1,Retail,20,0
0f3d9c0d,ACC-1089,123.49,Travel,17,0
a63572fb,ACC-1030,116.29,Luxury_Retail,8,0
ed9cf9bb,ACC-1093,167.35,Retail,22,0
da75e0c5,ACC-1037,68.1,Online_Marketplace,11,0
1063652d,ACC-1085,79.68,Gas_Station,7,0
d63ad9a3,ACC-1073,89.97,Groceries,10,0
deaccfc0,ACC-1059,15.14,Crypto,23,0
f5eb486e,ACC-1023,2.86,Luxury_Retail,9,0
16ee7ab9,ACC-1090,108.64,Luxury_Retail,16,0
4406606f,ACC-1049,173.83,Crypto,5,0
c9d45287,ACC-1037,52.13,Crypto,15,0
7b6e4a1c,ACC-1069,80.88,Online_Marketplace,13,0
ee3e2683,ACC-1079,220.22,Travel,11,0
d076592e,ACC-1086,74.08,Groceries,6,0
64c3d123,ACC-1046,310.17,Groceries,6,0
13f68fd9,ACC-1022,106.55,Online_Marketplace,6,0
c50b9933,ACC-1090,126.08,Crypto,22,0
7759d4fe,ACC-1030,125.33,Luxury_Retail,11,0
2601023f,ACC-1094,88.12,Travel,8,0
325ff8c5,ACC-1096,178.98,Luxury_Retail,23,0
6d3d96cb,ACC-1034,117.32,Crypto,12,0
ed0ea24c,ACC-1008,36.15,Travel,18,0
20bf104e,ACC-1064,72.43,Groceries,16,0
7b4ff406,ACC-1068,29.1,Travel,8,0
b4a17798,ACC-1079,35.05,Crypto,22,0
049c952e,ACC-1058,8.05,Groceries,7,0
647c05da,ACC-1022,108.86,Retail,7,0
4abf3f4a,ACC-1035,216.99,Groceries,7,0
ff0dee4e,ACC-1026,89.47,Retail,9,0
d4b400e2,ACC-1087,69.59,Travel,5,0
9a9079b9,ACC-1053,94.46,Travel,9,0
3010261b,ACC-1008,169.66,Online_Marketplace,5,0
fdd2c8c4,ACC-1042,10.98,Retail,12,0
f4a792f5,ACC-1082,36.6,Online_Marketplace,23,0
29561b50,ACC-1085,51.47,Luxury_Retail,15,0
03c8e77e,ACC-1058,28.49,Crypto,21,0
f85ea56c,ACC-1039,114.83,Groceries,23,0
73695c77,ACC-1047,37.91,Gas_Station,13,0
b788e350,ACC-1036,91.95,Groceries,6,0
81e0ca96,ACC-1020,38.75,Online_Marketplace,10,0
bb5ff3a8,ACC-1022,6.25,Crypto,22,0
09eac238,ACC-1014,122.24,Luxury_Retail,9,0
928dd4c2,ACC-1056,12.72,Retail,15,0
2a92aae6,ACC-1071,222.7,Groceries,16,0
c9ad5fba,ACC-1044,10.04,Crypto,6,0
8aa85cf4,ACC-1020,72.47,Gas_Station,16,0
79e1ed47,ACC-1003,143.26,Travel,14,0
084dde26,ACC-1040,91.84,Online_Marketplace,20,0
01c7f873,ACC-1042,126.08,Gas_Station,5,0
7ce08339,ACC-1037,102.57,Crypto,14,0
2d132ccf,ACC-1072,176.26,Luxury_Retail,23,0
ba0e9ad7,ACC-1014,5.19,Crypto,19,0
0c9901a2,ACC-1086,305.82,Crypto,20,0
9b903893,ACC-1051,6.42,Travel,8,0
e6ffa1e2,ACC-1011,68.46,Travel,12,0
650c9c05,ACC-1024,204.21,Groceries,6,0
a8374fea,ACC-1098,250.61,Travel,21,0
d2def101,ACC-1068,256.15,Groceries,11,0
d9f6ea45,ACC-1011,170.84,Luxury_Retail,19,0
7d5f56c7,ACC-1040,152.41,Travel,17,0
b14d8c6e,ACC-1085,109.25,Travel,21,0
07e97d6a,ACC-1054,127.84,Groceries,17,0
c5f42cb3,ACC-1036,5.12,Groceries,17,0
10d7e37b,ACC-1071,31.82,Groceries,16,0
71e41f85,ACC-1053,49.66,Retail,11,0
2b370d87,ACC-1093,32.98,Luxury_Retail,19,0
5e5730dc,ACC-1075,4.68,Online_Marketplace,18,0
0d3570b3,ACC-1038,119.64,Travel,7,0
1648cf5b,ACC-1075,145.53,Online_Marketplace,21,0
ce4e9d0b,ACC-1052,58.84,Luxury_Retail,17,0
7516aad8,ACC-1071,197.75,Crypto,13,0
3cb06e36,ACC-1023,64.17,Online_Marketplace,23,0
557ad8f8,ACC-1062,30.63,Luxury_Retail,17,0
a6621f33,ACC-1063,21.68,Retail,14,0
eea38621,ACC-1000,136.65,Travel,19,0
e9d4ec5e,ACC-1081,41.73,Gas_Station,13,0
a995a988,ACC-1036,37.83,Online_Marketplace,8,0
ae5826ee,ACC-1088,201.34,Online_Marketplace,10,0
d661ee04,ACC-1097,113.08,Crypto,12,0
7efc5630,ACC-1095,52.42,Groceries,20,0
06a351d8,ACC-1055,235.41,Groceries,23,0
ad28ae4d,ACC-1060,172.1,Luxury_Retail,13,0
8b6821c9,ACC-1093,108.21,Crypto,8,0
981ba88f,ACC-1074,27.35,Travel,5,0
f2b4809d,ACC-1088,45.94,Retail,9,0
5cb0a9f6,ACC-1034,12.78,Gas_Station,16,0
6c71b5e8,ACC-1045,158.87,Groceries,18,0
92606c44,ACC-1081,238.46,Retail,14,0
8da8454b,ACC-1080,204.32,Retail,21,0
04d6b4b8,ACC-1021,1.12,Gas_Station,8,0
31e5d57a,ACC-1087,61.96,Travel,15,0
447ec045,ACC-1089,64.09,Luxury_Retail,14,0
7d0e65d6,ACC-1074,126.84,Crypto,16,0
b6e53172,ACC-1066,82.32,Groceries,9,0
81328a28,ACC-1043,35.24,Groceries,16,0
c99aedc2,ACC-1064,3.4,Gas_Station,8,0
836a43ee,ACC-1088,109.47,Gas_Station,11,0
42b34f4b,ACC-1070,101.36,Luxury_Retail,21,0
40dcd5b9,ACC-1009,3.27,Crypto,8,0
94afd268,ACC-1044,66.99,Retail,9,0
7badc850,ACC-1056,237.23,Groceries,16,0
8735f90d,ACC-1090,47.25,Travel,21,0
bbfbbdf2,ACC-1016,227.23,Groceries,5,0
782f13f6,ACC-1039,216.13,Luxury_Retail,9,0
281fbc2c,ACC-1054,4.29,Gas_Station,11,0
56fa71f3,ACC-1099,10.22,Crypto,8,0
e4887670,ACC-1013,96.88,Online_Marketplace,18,0
784ffdc0,ACC-1060,49.84,Retail,21,0
bb4355f9,ACC-1038,80.18,Retail,13,0
1f33e8b6,ACC-1015,126.61,Crypto,5,0
31206026,ACC-1025,172.69,Travel,11,0
3d7f2c3d,ACC-1018,39.98,Gas_Station,16,0
3ee70dd5,ACC-1045,29.63,Luxury_Retail,13,0
98992aee,ACC-1064,37.8,Gas_Station,21,0
913974a3,ACC-1074,32.69,Travel,7,0
4feeab2e,ACC-1091,27.35,Luxury_Retail,5,0
aa3b2cb0,ACC-1096,86.74,Gas_Station,14,0
87cc69c2,ACC-1027,141.36,Travel,5,0
284735fb,ACC-1075,30.32,Travel,20,0
64283592,ACC-1023,199.27,Gas_Station,19,0
59a8c52b,ACC-1027,22.89,Luxury_Retail,16,0
4d1e65a7,ACC-1097,47.86,Travel,12,0
31ad5edb,ACC-1066,24.72,Groceries,8,0
a71f2501,ACC-1036,192.42,Gas_Station,20,0
7d9d7179,ACC-1063,138.4,Travel,6,0
01158999,ACC-1076,123.68,Retail,17,0
8426ca78,ACC-1056,21.87,Crypto,14,0
199067a8,ACC-1054,56.7,Gas_Station,22,0
05b5b6fe,ACC-1047,101.59,Gas_Station,7,0
616250b9,ACC-1086,106.25,Gas_Station,5,0
eabda531,ACC-1084,2.91,Retail,17,0
cf6280a5,ACC-1050,129.43,Crypto,7,0
4f6f3d93,ACC-1021,75.43,Online_Marketplace,23,0
6d9cd35b,ACC-1025,79.36,Retail,16,0
c79f1413,ACC-1054,85.66,Travel,17,0
dbfbb04b,ACC-1091,96.64,Crypto,20,0
561a43e2,ACC-1096,46.44,Luxury_Retail,23,0
fbf8fb72,ACC-1085,111.51,Luxury_Retail,17,0
be81763e,ACC-1035,166.47,Travel,17,0
053b5fbf,ACC-1032,23.46,Gas_Station,19,0
f2c7f7cf,ACC-1017,31.03,Online_Marketplace,20,0
f34c626e,ACC-1008,70.06,Retail,8,0
e3eb2abc,ACC-1077,164.86,Online_Marketplace,5,0
db54b591,ACC-1079,51.58,Crypto,15,0
8dc84b52,ACC-1096,56.17,Travel,8,0
8cf369cb,ACC-1037,92.88,Travel,20,0
d8c3a0ff,ACC-1033,119.31,Crypto,20,0
521f96ed,ACC-1002,67.64,Travel,15,0
9dc2c116,ACC-1015,13.3,Luxury_Retail,6,0
ef662eb1,ACC-1048,32.76,Online_Marketplace,19,0
9060c876,ACC-1022,58.61,Online_Marketplace,19,0
2d031f69,ACC-1055,57.21,Travel,14,0
c84a7f2e,ACC-1097,242.14,Gas_Station,14,0
85138a99,ACC-1084,93.66,Retail,23,0
8e90ee98,ACC-1060,140.39,Travel,22,0
2f059ba5,ACC-1050,186.29,Travel,10,0
6d8610ce,ACC-1078,50.97,Groceries,20,0
e6df5b94,ACC-1007,111.92,Crypto,16,0
770dca34,ACC-1046,255.75,Retail,23,0
f47623c8,ACC-1080,52.08,Groceries,23,0
afadcd3d,ACC-1044,22.8,Groceries,17,0
57f91d20,ACC-1084,31.71,Groceries,18,0
914aafe4,ACC-1039,187.49,Gas_Station,12,0
03500a35,ACC-1039,14.6,Travel,7,0
801e7042,ACC-1068,29.92,Retail,15,0
54764cfc,ACC-1054,1.73,Groceries,6,0
1ed054ea,ACC-1002,45.33,Travel,21,0
909bb5dd,ACC-1040,62.27,Crypto,20,0
017c111c,ACC-1073,212.47,Online_Marketplace,23,0
2d96331c,ACC-1086,82.31,Retail,20,0
a267102e,ACC-1097,24.76,Gas_Station,15,0
b2e6a7b2,ACC-1038,20.82,Crypto,15,0
88e7a22d,ACC-1081,106.32,Groceries,18,0
a88bf9f8,ACC-1036,138.31,Luxury_Retail,7,0
e49cb4c1,ACC-1051,42.22,Groceries,6,0
d60e62f1,ACC-1011,31.95,Luxury_Retail,12,0
d6a296c9,ACC-1043,369.31,Crypto,23,0
ef03e7ce,ACC-1067,79.88,Groceries,7,0
8dd92c03,ACC-1009,25.18,Online_Marketplace,18,0
289680b5,ACC-1038,7.36,Crypto,14,0
e741d419,ACC-1053,164.84,Online_Marketplace,22,0
894cb5b3,ACC-1058,61.33,Online_Marketplace,13,0
13b4cd81,ACC-1002,93.83,Crypto,22,0
69bd6707,ACC-1063,141.92,Crypto,21,0
87b76f90,ACC-1081,16.81,Gas_Station,19,0
69746b70,ACC-1080,237.33,Travel,18,0
47ccc322,ACC-1059,158.0,Retail,21,0
7f06ac96,ACC-1087,5.27,Gas_Station,12,0
142fa3a6,ACC-1040,178.1,Luxury_Retail,14,0
660921e6,ACC-1052,56.79,Luxury_Retail,7,0
217eaebc,ACC-1032,135.28,Groceries,14,0
12b1650f,ACC-1014,98.47,Crypto,12,0
c5c5062e,ACC-1039,34.64,Gas_Station,11,0
99621b07,ACC-1054,14.35,Online_Marketplace,20,0
6d8af4f4,ACC-1034,153.0,Crypto,6,0
2242d74b,ACC-1035,16.52,Gas_Station,5,0
53f115ae,ACC-1005,9.64,Crypto,22,0
1b5ea61e,ACC-1010,45.51,Crypto,20,0
09c48a65,ACC-1052,92.36,Groceries,14,0
42509b1d,ACC-1092,256.25,Groceries,7,0
d2833a0d,ACC-1073,56.75,Luxury_Retail,9,0
94c8409a,ACC-1085,52.42,Crypto,21,0
5c8979ca,ACC-1063,191.22,Luxury_Retail,23,0
e1c2e607,ACC-1098,42.04,Retail,12,0
e40f9e4d,ACC-1074,95.24,Luxury_Retail,15,0
b2bda2e0,ACC-1054,56.24,Crypto,17,0
6650c92d,ACC-1027,92.83,Gas_Station,9,0
1d6c7fd2,ACC-1075,31.29,Groceries,19,0
1d98883c,ACC-1089,148.57,Retail,20,0
62eb40f0,ACC-1060,168.74,Retail,15,0
f1374919,ACC-1100,308.96,Crypto,12,0
f7e7b8f9,ACC-1047,107.96,Gas_Station,16,0
d815073f,ACC-1077,82.58,Luxury_Retail,14,0
330ec326,ACC-1100,69.44,Retail,6,0
bed975b1,ACC-1049,14.68,Crypto,12,0
a10cdff8,ACC-1068,83.85,Groceries,16,0
c97ccf81,ACC-1001,20.46,Luxury_Retail,12,0
dab0edb4,ACC-1096,66.85,Online_Marketplace,13,0
46a7f247,ACC-1020,181.76,Gas_Station,14,0
546b126d,ACC-1004,50.65,Online_Marketplace,15,0
f27d7c5c,ACC-1094,163.99,Groceries,7,0
c6cc8605,ACC-1012,181.71,Online_Marketplace,15,0
89d00b88,ACC-1064,38.19,Luxury_Retail,10,0
5589f095,ACC-1093,162.19,Retail,16,0
9e42ecb6,ACC-1088,10.78,Luxury_Retail,22,0
b9718cbf,ACC-1023,179.7,Retail,6,0
9bf1e1fd,ACC-1000,47.71,Crypto,19,0
4fc72a6f,ACC-1040,49.93,Online_Marketplace,11,0
81ec4837,ACC-1031,0.48,Travel,7,0
175db97b,ACC-1052,134.06,Travel,9,0
a9609d0d,ACC-1094,104.67,Luxury_Retail,15,0
376e8bdc,ACC-1075,26.11,Gas_Station,13,0
989433f0,ACC-1010,13.32,Luxury_Retail,15,0
aa1aabf7,ACC-1048,10.82,Online_Marketplace,16,0
34b3ec7b,ACC-1002,42.24,Luxury_Retail,23,0
77fbac05,ACC-1025,211.54,Travel,12,0
c8ad3f13,ACC-1079,17.77,Groceries,10,0
369f5486,ACC-1047,171.72,Online_Marketplace,13,0
ce7ba1d8,ACC-1091,202.13,Gas_Station,23,0
1f946b79,ACC-1086,149.83,Travel,18,0
db8f65f1,ACC-1026,6.84,Online_Marketplace,8,0
e0cf87e7,ACC-1063,90.37,Gas_Station,13,0
2d7207b8,ACC-1026,47.58,Online_Marketplace,9,0
9f6bdc76,ACC-1086,40.37,Travel,11,0
4bc36cb3,ACC-1018,82.44,Gas_Station,18,0
8de7dc98,ACC-1079,67.9,Retail,14,0
7a68832e,ACC-1087,168.77,Online_Marketplace,12,0
d9ff9463,ACC-1060,3.54,Crypto,19,0
54a7a41a,ACC-1087,70.12,Gas_Station,15,0
63789774,ACC-1076,78.33,Gas_Station,17,0
60c185e9,ACC-1007,24.11,Groceries,7,0
ca944b9d,ACC-1045,108.67,Retail,15,0
172c1e88,ACC-1064,2.51,Travel,6,0
1ea5c874,ACC-1085,137.13,Travel,17,0
3db0d026,ACC-1074,84.6,Groceries,9,0
098560da,ACC-1063,62.64,Gas_Station,13,0
96c42c8e,ACC-1040,243.89,Groceries,19,0
1cb8fb8a,ACC-1033,50.03,Crypto,21,0
12c2ae04,ACC-1063,17.77,Retail,15,0
56d92249,ACC-1055,101.39,Luxury_Retail,13,0
a3e3a134,ACC-1097,67.96,Groceries,13,0
b500c514,ACC-1021,85.06,Groceries,21,0
40ee0499,ACC-1084,98.92,Groceries,20,0
2017a269,ACC-1019,113.47,Crypto,19,0
a6baf063,ACC-1060,160.97,Retail,12,0
8dbfde3c,ACC-1014,90.98,Groceries,10,0
9492b94b,ACC-1090,25.87,Online_Marketplace,6,0
eefd14ca,ACC-1014,117.26,Travel,20,0
f8cad7b7,ACC-1011,239.99,Luxury_Retail,9,0
9855b8eb,ACC-1021,36.74,Gas_Station,14,0
2f8d1533,ACC-1084,47.45,Crypto,21,0
395f3098,ACC-1067,160.71,Travel,11,0
f9b12c35,ACC-1009,37.96,Luxury_Retail,23,0
d76883b5,ACC-1042,167.27,Gas_Station,20,0
cbf0c510,ACC-1015,134.74,Retail,14,0
bf9cdd0d,ACC-1013,3.53,Online_Marketplace,16,0
38a550a6,ACC-1010,40.95,Luxury_Retail,15,0
592d2eaa,ACC-1034,83.2,Online_Marketplace,20,0
6d01b20e,ACC-1083,69.05,Travel,5,0
f2f3cb78,ACC-1093,120.95,Travel,19,0
a90fd27a,ACC-1006,6.45,Luxury_Retail,23,0
ea3bd468,ACC-1007,101.31,Luxury_Retail,14,0
0f061203,ACC-1048,24.05,Crypto,7,0
820a21c5,ACC-1030,123.88,Retail,17,0
19d44f5a,ACC-1026,111.54,Luxury_Retail,17,0
fde49366,ACC-1082,43.54,Gas_Station,17,0
2e507781,ACC-1062,158.6,Luxury_Retail,9,0
0bd7c26d,ACC-1087,3.6,Luxury_Retail,18,0
5e024944,ACC-1012,130.81,Travel,9,0
2799b51f,ACC-1062,86.73,Luxury_Retail,16,0
2c3c67ef,ACC-1072,233.82,Online_Marketplace,17,0
ddf686da,ACC-1054,27.65,Travel,18,0
537d48bc,ACC-1055,15.07,Luxury_Retail,16,0
d602494f,ACC-1065,48.06,Crypto,18,0
58dfedb1,ACC-1082,19.68,Groceries,19,0
541471fe,ACC-1080,129.99,Crypto,9,0
fd1aad8f,ACC-1059,111.63,Crypto,21,0
3517935a,ACC-1019,55.37,Online_Marketplace,7,0
e9b4406f,ACC-1054,56.78,Gas_Station,14,0
9f5846b6,ACC-1009,145.03,Groceries,23,0
3c823715,ACC-1054,221.06,Retail,21,0
325f9715,ACC-1092,39.56,Online_Marketplace,8,0
7b819e8e,ACC-1074,33.12,Travel,13,0
a66f6ef6,ACC-1094,57.01,Retail,21,0
69f4b9ee,ACC-1023,166.19,Crypto,19,0
7e7a8f87,ACC-1053,42.74,Luxury_Retail,17,0
68f825da,ACC-1092,73.84,Crypto,14,0
f03ec8ee,ACC-1033,147.52,Online_Marketplace,19,0
d2c47c9f,ACC-1010,100.11,Groceries,10,0
a8ef4d98,ACC-1055,68.96,Crypto,13,0
c41a872e,ACC-1014,150.1,Travel,5,0
af23b0bc,ACC-1058,220.32,Retail,10,0
d3494604,ACC-1077,117.79,Crypto,17,0
978a3055,ACC-1078,15.41,Crypto,20,0
dfc4907d,ACC-1016,133.06,Groceries,17,0
ba8466a7,ACC-1002,101.12,Gas_Station,5,0
17530e16,ACC-1061,187.37,Crypto,11,0
5216b331,ACC-1055,36.26,Crypto,9,0
a7612324,ACC-1038,145.29,Luxury_Retail,22,0
e2f1ec1b,ACC-1054,211.23,Luxury_Retail,19,0
0240d354,ACC-1019,181.49,Retail,8,0
63baf375,ACC-1002,214.0,Crypto,19,0
c9a64380,ACC-1025,124.21,Luxury_Retail,19,0
563c08e8,ACC-1042,57.54,Groceries,23,0
52ea21f8,ACC-1091,110.2,Retail,8,0
694c6e82,ACC-1074,25.39,Online_Marketplace,18,0
83520d51,ACC-1062,34.32,Travel,22,0
f14570ae,ACC-1092,267.09,Online_Marketplace,20,0
f71adc12,ACC-1007,32.41,Travel,20,0
a035370b,ACC-1040,62.32,Travel,5,0
10ee10ee,ACC-1082,105.15,Travel,7,0
1e696a68,ACC-1079,54.36,Online_Marketplace,20,0
a7c6cf17,ACC-1055,219.51,Crypto,16,0
ffccb6da,ACC-1024,12.26,Retail,10,0
02baa46e,ACC-1064,69.46,Online_Marketplace,16,0
2150fb87,ACC-1077,24.25,Gas_Station,23,0
ebcb900d,ACC-1037,82.0,Luxury_Retail,19,0
e7cf1c52,ACC-1086,11.18,Crypto,17,0
e526f889,ACC-1020,46.3,Crypto,16,0
ed21f094,ACC-1095,7.07,Travel,11,0
4a277a2e,ACC-1025,19.24,Retail,20,0
479ca575,ACC-1053,90.63,Gas_Station,20,0
e01c478c,ACC-1071,41.69,Online_Marketplace,14,0
99a780d5,ACC-1033,100.47,Retail,5,0
036ca680,ACC-1064,126.01,Groceries,10,0
20567d58,ACC-1014,58.24,Retail,7,0
cfd12167,ACC-1028,95.76,Travel,12,0
73438a15,ACC-1045,19.08,Online_Marketplace,13,0
080934a7,ACC-1019,25.22,Luxury_Retail,6,0
8af3401c,ACC-1013,81.92,Luxury_Retail,21,0
0cc28252,ACC-1058,184.05,Crypto,6,0
02c0b9da,ACC-1078,137.52,Luxury_Retail,8,0
2ab15426,ACC-1064,61.5,Travel,8,0
19b22fa5,ACC-1026,33.99,Retail,10,0
1c70c6b3,ACC-1056,117.13,Groceries,10,0
b5174958,ACC-1012,71.32,Luxury_Retail,21,0
33911f98,ACC-1017,25.2,Gas_Station,16,0
93990ab3,ACC-1098,18.09,Retail,11,0
bf283683,ACC-1060,29.6,Luxury_Retail,5,0
66013376,ACC-1010,157.6,Groceries,14,0
60c56418,ACC-1080,52.13,Groceries,16,0
